mean_fit_time,std_fit_time,mean_score_time,std_score_time,param_imputation__params,param_feature_selection__threshold,param_feature_selection__strategy,param_feature_extraction__params,param_feature_extraction__n_lags,param_classifier__base_estimator__n_estimators,param_classifier__base_estimator__max_depth,params,split0_test_score,split1_test_score,split2_test_score,split3_test_score,split4_test_score,mean_test_score,std_test_score,rank_test_score,split0_train_score,split1_train_score,split2_train_score,split3_train_score,split4_train_score,mean_train_score,std_train_score
148.2661096572876,69.06900465250294,49.37392959594727,1.6471102435474982,"('ffill', None)",0.95,correlation,"('tsfel', {'config_file': 'tsfel_config.json'})",8,50,9,"{'imputation__params': ('ffill', None), 'feature_selection__threshold': 0.95, 'feature_selection__strategy': 'correlation', 'feature_extraction__params': ('tsfel', {'config_file': 'tsfel_config.json'}), 'feature_extraction__n_lags': 8, 'classifier__base_estimator__n_estimators': 50, 'classifier__base_estimator__max_depth': 9}",0.6468779123951538,0.5213343198914786,0.5126568914956011,0.6682230869001297,0.5731894270949237,0.5844563275554574,0.06352922814113204,42,1.0,1.0,0.9999350889281684,0.9997405966277563,0.9976458298512453,0.999464303081434,0.0009141952420856256
171.56825680732726,80.13741938033041,57.77763562202453,0.5977464967417677,"('ffill', None)",0.99,pca,"('tsfel', {'config_file': 'tsfel_config.json'})",3,500,3,"{'imputation__params': ('ffill', None), 'feature_selection__threshold': 0.99, 'feature_selection__strategy': 'pca', 'feature_extraction__params': ('tsfel', {'config_file': 'tsfel_config.json'}), 'feature_extraction__n_lags': 3, 'classifier__base_estimator__n_estimators': 500, 'classifier__base_estimator__max_depth': 3}",0.5966099330357143,0.5795122358640274,0.4948979591836734,0.5194999160933041,0.5004548344500415,0.5381949757253521,0.04187571702663739,62,0.9545732661714903,0.9159469486180671,0.8954112287719118,0.8726177717270611,0.8610151178005973,0.8999128666178254,0.033236043315643116
142.0835874080658,67.57645421336328,48.51433167457581,1.6502777130725683,"('ffill', None)",0.85,pca,"('tsfel', {'config_file': 'tsfel_config.json'})",8,50,5,"{'imputation__params': ('ffill', None), 'feature_selection__threshold': 0.85, 'feature_selection__strategy': 'pca', 'feature_extraction__params': ('tsfel', {'config_file': 'tsfel_config.json'}), 'feature_extraction__n_lags': 8, 'classifier__base_estimator__n_estimators': 50, 'classifier__base_estimator__max_depth': 5}",0.4956314072693383,0.5161672216056233,0.47882697947214076,0.5069390402075227,0.4824691541181416,0.49600676053455334,0.014174000736263258,98,0.9326036282558022,0.8982573748352559,0.8801491956020252,0.8542872046467038,0.8433469831188367,0.8817288772917248,0.03190655766076766
142.68869805335999,67.44008925250748,48.22766146659851,1.6018210319796966,"('interpolate', ('polynomial', 2))",0.9,pca,"('tsfel', {'config_file': 'tsfel_config.json'})",8,500,5,"{'imputation__params': ('interpolate', ('polynomial', 2)), 'feature_selection__threshold': 0.9, 'feature_selection__strategy': 'pca', 'feature_extraction__params': ('tsfel', {'config_file': 'tsfel_config.json'}), 'feature_extraction__n_lags': 8, 'classifier__base_estimator__n_estimators': 500, 'classifier__base_estimator__max_depth': 5}",0.46309412861137,0.506992230854606,0.490674486803519,0.5126945525291828,0.5123259896644661,0.4971562776926287,0.01881779867026665,96,0.9782405999797305,0.9562879317919263,0.9451101990273325,0.9198387187729092,0.9166542704328933,0.9432263440009583,0.023035660245119428
4186.87058429718,8139.119987007249,43.132818126678465,9.809765761482163,"('interpolate', ('polynomial', 3))",0.85,pca,"('tsfel', {'config_file': 'tsfel_config.json'})",8,200,7,"{'imputation__params': ('interpolate', ('polynomial', 3)), 'feature_selection__threshold': 0.85, 'feature_selection__strategy': 'pca', 'feature_extraction__params': ('tsfel', {'config_file': 'tsfel_config.json'}), 'feature_extraction__n_lags': 8, 'classifier__base_estimator__n_estimators': 200, 'classifier__base_estimator__max_depth': 7}",0.4960857409133272,0.5198544826735725,0.4754017595307918,0.5247568093385214,0.5295230324159929,0.5091243649744411,0.020409969188312893,81,0.9760920239181109,0.9529550865888912,0.9409221866043521,0.9149636271358483,0.9092746113989637,0.9388415071292332,0.024639309362820366
4122.212499570846,8090.855136954399,4072.525330400467,8100.329215897691,"('ffill', None)",0.85,pca,"('tsfel', {'config_file': 'tsfel_config.json'})",5,500,3,"{'imputation__params': ('ffill', None), 'feature_selection__threshold': 0.85, 'feature_selection__strategy': 'pca', 'feature_extraction__params': ('tsfel', {'config_file': 'tsfel_config.json'}), 'feature_extraction__n_lags': 5, 'classifier__base_estimator__n_estimators': 500, 'classifier__base_estimator__max_depth': 3}",0.5968357492250631,0.5588697318007663,0.501250798381946,0.5109538756874545,0.5155723551212938,0.5366965020433048,0.035982472045134106,63,0.9576923076923076,0.9220337675032799,0.9055864910136266,0.8800866502227425,0.8710349510024085,0.907286833486873,0.03103264091422138
74.97723989486694,39.09930329239132,24.43156862258911,2.5766877631452085,"('interpolate', 'linear')",0.95,pca,"('tsfel', {'config_file': 'tsfel_config.json'})",5,100,9,"{'imputation__params': ('interpolate', 'linear'), 'feature_selection__threshold': 0.95, 'feature_selection__strategy': 'pca', 'feature_extraction__params': ('tsfel', {'config_file': 'tsfel_config.json'}), 'feature_extraction__n_lags': 5, 'classifier__base_estimator__n_estimators': 100, 'classifier__base_estimator__max_depth': 9}",0.6282094927523247,0.5410440613026819,0.4915548931942375,0.5022244993255163,0.47917368598382754,0.5284413265117175,0.05401434497058397,76,0.9602975016436555,0.9302183997736256,0.9121990681964464,0.8935702272391621,0.8883223282457786,0.9169215050197337,0.026244165023478414
67.71383996009827,27.154859878083,25.269894075393676,3.823512029702993,"('interpolate', ('polynomial', 3))",0.95,correlation,"('tsfel', {'config_file': 'tsfel_config.json'})",5,200,9,"{'imputation__params': ('interpolate', ('polynomial', 3)), 'feature_selection__threshold': 0.95, 'feature_selection__strategy': 'correlation', 'feature_extraction__params': ('tsfel', {'config_file': 'tsfel_config.json'}), 'feature_extraction__n_lags': 5, 'classifier__base_estimator__n_estimators': 200, 'classifier__base_estimator__max_depth': 9}",0.6239630180430382,0.6092145593869732,0.5912107018664395,0.6425754902978105,0.5793674191374664,0.6092662377463455,0.022563005373383162,19,1.0,1.0,1.0,1.0,1.0,1.0,0.0
57.48184094429016,22.163713617275235,20.340235233306885,3.3655361274362683,"('interpolate', ('polynomial', 2))",0.85,correlation,"('tsfel', {'config_file': 'tsfel_config.json'})",5,200,5,"{'imputation__params': ('interpolate', ('polynomial', 2)), 'feature_selection__threshold': 0.85, 'feature_selection__strategy': 'correlation', 'feature_extraction__params': ('tsfel', {'config_file': 'tsfel_config.json'}), 'feature_extraction__n_lags': 5, 'classifier__base_estimator__n_estimators': 200, 'classifier__base_estimator__max_depth': 5}",0.6298041604701583,0.5717624521072796,0.5856042864239586,0.6109396077617516,0.651859417115903,0.6099939847758102,0.028991582105068383,17,1.0,1.0,1.0,0.9999988978603059,0.9999231745081198,0.9999844144736851,3.06229579302162e-05
52.83790225982666,24.990967893638885,17.663770771026613,0.32601413773158866,"('interpolate', ('polynomial', 2))",0.99,pca,"('tsfel', {'config_file': 'tsfel_config.json'})",5,200,5,"{'imputation__params': ('interpolate', ('polynomial', 2)), 'feature_selection__threshold': 0.99, 'feature_selection__strategy': 'pca', 'feature_extraction__params': ('tsfel', {'config_file': 'tsfel_config.json'}), 'feature_extraction__n_lags': 5, 'classifier__base_estimator__n_estimators': 200, 'classifier__base_estimator__max_depth': 5}",0.6149773342172691,0.5447701149425288,0.47625257256404796,0.531895299367023,0.5044379632749325,0.5344666568731603,0.046659070597652244,68,0.9583251150558842,0.9275795096937944,0.910058518207961,0.890649557050057,0.8821470689433277,0.9137519537902049,0.027291753169068855
47.25218677520752,22.23039766378892,15.907800102233887,0.5704693336823138,"('interpolate', ('polynomial', 2))",0.99,pca,"('tsfel', {'config_file': 'tsfel_config.json'})",8,500,11,"{'imputation__params': ('interpolate', ('polynomial', 2)), 'feature_selection__threshold': 0.99, 'feature_selection__strategy': 'pca', 'feature_extraction__params': ('tsfel', {'config_file': 'tsfel_config.json'}), 'feature_extraction__n_lags': 8, 'classifier__base_estimator__n_estimators': 500, 'classifier__base_estimator__max_depth': 11}",0.4749883504193849,0.5432852386237514,0.45589442815249265,0.5246919584954605,0.4929345004079816,0.4983588952198142,0.031908130436560614,94,0.9784635654200872,0.961174658444383,0.9522354374506925,0.9320285625669655,0.9305833194049807,0.9508971086574218,0.01808867467445045
58.22531065940857,27.672699690148523,19.09847226142883,0.2398355575687566,"('interpolate', ('polynomial', 2))",0.99,correlation,"('tsfel', {'config_file': 'tsfel_config.json'})",3,100,9,"{'imputation__params': ('interpolate', ('polynomial', 2)), 'feature_selection__threshold': 0.99, 'feature_selection__strategy': 'correlation', 'feature_extraction__params': ('tsfel', {'config_file': 'tsfel_config.json'}), 'feature_extraction__n_lags': 3, 'classifier__base_estimator__n_estimators': 100, 'classifier__base_estimator__max_depth': 9}",0.5744202628968254,0.5741418190929592,0.6037519623233909,0.6422106617441405,0.6182227221597301,0.6025494856434093,0.026147098783322557,22,1.0,1.0,1.0,0.9999884135214205,0.9999152101527822,0.9999807247348406,3.3063228645301834e-05
57.20476174354553,26.800018315366827,19.14817581176758,0.18180319572042647,"('interpolate', ('spline', 2))",0.9,pca,"('tsfel', {'config_file': 'tsfel_config.json'})",3,100,11,"{'imputation__params': ('interpolate', ('spline', 2)), 'feature_selection__threshold': 0.9, 'feature_selection__strategy': 'pca', 'feature_extraction__params': ('tsfel', {'config_file': 'tsfel_config.json'}), 'feature_extraction__n_lags': 3, 'classifier__base_estimator__n_estimators': 100, 'classifier__base_estimator__max_depth': 11}",0.6170169890873016,0.6172220830201285,0.48905023547880694,0.5032443922358337,0.46643028317112534,0.5385927965986392,0.06518331388957793,57,0.9577961808816415,0.9279020589872009,0.9063536832388912,0.8897879674419951,0.879544850391752,0.9122769481882962,0.028029891834610614
47.73211302757263,22.836743504081852,15.9986403465271,0.5475801718346139,"('interpolate', ('spline', 3))",0.85,correlation,"('tsfel', {'config_file': 'tsfel_config.json'})",8,50,5,"{'imputation__params': ('interpolate', ('spline', 3)), 'feature_selection__threshold': 0.85, 'feature_selection__strategy': 'correlation', 'feature_extraction__params': ('tsfel', {'config_file': 'tsfel_config.json'}), 'feature_extraction__n_lags': 8, 'classifier__base_estimator__n_estimators': 50, 'classifier__base_estimator__max_depth': 5}",0.6042520969245108,0.5681341719077568,0.5632727272727273,0.6789072632944229,0.6080409465173207,0.6045214411833477,0.04140338092446249,21,0.999939191243539,0.9925234709318408,0.9927649120704635,0.9864496983025997,0.9797321577803778,0.9902818860657641,0.006788756794821017
58.867522144317626,27.73875785471087,19.273664569854738,0.20576309034842968,"('interpolate', ('spline', 3))",0.99,correlation,"('tsfel', {'config_file': 'tsfel_config.json'})",3,500,5,"{'imputation__params': ('interpolate', ('spline', 3)), 'feature_selection__threshold': 0.99, 'feature_selection__strategy': 'correlation', 'feature_extraction__params': ('tsfel', {'config_file': 'tsfel_config.json'}), 'feature_extraction__n_lags': 3, 'classifier__base_estimator__n_estimators': 500, 'classifier__base_estimator__max_depth': 5}",0.5727306547619048,0.5911467468470726,0.5882417582417583,0.6200928567433015,0.6059470827016188,0.5956318198591313,0.016148927062816478,28,1.0,1.0,1.0,1.0,1.0,1.0,0.0
48.11934852600098,23.24791859192376,16.295757484436034,0.5154491807936037,"('interpolate', ('polynomial', 2))",0.9,pca,"('tsfel', {'config_file': 'tsfel_config.json'})",8,50,7,"{'imputation__params': ('interpolate', ('polynomial', 2)), 'feature_selection__threshold': 0.9, 'feature_selection__strategy': 'pca', 'feature_extraction__params': ('tsfel', {'config_file': 'tsfel_config.json'}), 'feature_extraction__n_lags': 8, 'classifier__base_estimator__n_estimators': 50, 'classifier__base_estimator__max_depth': 7}",0.5012232059645852,0.5435442101368849,0.47001759530791787,0.529863813229572,0.49757683653537077,0.5084451322348661,0.025836628378571275,83,0.9441471571906355,0.9201473068766711,0.9032113504498835,0.8794881012800992,0.8688559251211767,0.9031699681836931,0.02722368869875824
54.01924118995667,25.621823418553188,17.996132373809814,0.3138830449917381,"('interpolate', 'linear')",0.95,correlation,"('tsfel', {'config_file': 'tsfel_config.json'})",5,100,11,"{'imputation__params': ('interpolate', 'linear'), 'feature_selection__threshold': 0.95, 'feature_selection__strategy': 'correlation', 'feature_extraction__params': ('tsfel', {'config_file': 'tsfel_config.json'}), 'feature_extraction__n_lags': 5, 'classifier__base_estimator__n_estimators': 100, 'classifier__base_estimator__max_depth': 11}",0.6183727222232177,0.5957662835249042,0.6238024270811157,0.6760921448583584,0.5821260107816711,0.6192319176938534,0.032193780519974416,9,1.0,1.0,1.0,1.0,0.9999973734874571,0.9999994746974915,1.0506050171610326e-06
57.617891788482666,27.003286763719814,19.318983697891234,0.1626375434294589,"('ffill', None)",0.85,pca,"('tsfel', {'config_file': 'tsfel_config.json'})",3,100,5,"{'imputation__params': ('ffill', None), 'feature_selection__threshold': 0.85, 'feature_selection__strategy': 'pca', 'feature_extraction__params': ('tsfel', {'config_file': 'tsfel_config.json'}), 'feature_extraction__n_lags': 3, 'classifier__base_estimator__n_estimators': 100, 'classifier__base_estimator__max_depth': 5}",0.6023375496031746,0.5877307274701411,0.4962637362637362,0.5193376964815126,0.5176407296913973,0.5446620879019923,0.04217877579626726,47,0.946163806596659,0.9036375440549064,0.8807808346794526,0.8635320414409717,0.8516696152145068,0.8891567683972994,0.03344118663831011
57.876041650772095,27.1809503602368,19.159679174423218,0.14557650154113164,"('interpolate', 'linear')",0.85,correlation,"('tsfel', {'config_file': 'tsfel_config.json'})",3,100,9,"{'imputation__params': ('interpolate', 'linear'), 'feature_selection__threshold': 0.85, 'feature_selection__strategy': 'correlation', 'feature_extraction__params': ('tsfel', {'config_file': 'tsfel_config.json'}), 'feature_extraction__n_lags': 3, 'classifier__base_estimator__n_estimators': 100, 'classifier__base_estimator__max_depth': 9}",0.5309477306547619,0.5829783679946546,0.5946781789638933,0.6715108799015495,0.5764366410720398,0.5913103597173798,0.04555823136173768,35,1.0,1.0,1.0,0.9999913101410653,0.9998562010023535,0.9999695022286839,5.6750497964608944e-05
53.1234634399414,24.97365705568207,17.793616437911986,0.2519018286854595,"('interpolate', ('polynomial', 3))",0.95,pca,"('tsfel', {'config_file': 'tsfel_config.json'})",5,300,9,"{'imputation__params': ('interpolate', ('polynomial', 3)), 'feature_selection__threshold': 0.95, 'feature_selection__strategy': 'pca', 'feature_extraction__params': ('tsfel', {'config_file': 'tsfel_config.json'}), 'feature_extraction__n_lags': 5, 'classifier__base_estimator__n_estimators': 300, 'classifier__base_estimator__max_depth': 9}",0.630861299743778,0.5558716475095785,0.4891952309985097,0.5225562934523192,0.462822186657682,0.5322613316723734,0.0583953292174811,72,0.9667735042735044,0.9405617341645158,0.9268492875659142,0.9100742180869942,0.9113762137771089,0.9311269915736075,0.021029976139041895
57.796108150482176,27.38536156515412,19.09699168205261,0.20585951875271497,"('interpolate', ('spline', 2))",0.85,correlation,"('tsfel', {'config_file': 'tsfel_config.json'})",3,100,3,"{'imputation__params': ('interpolate', ('spline', 2)), 'feature_selection__threshold': 0.85, 'feature_selection__strategy': 'correlation', 'feature_extraction__params': ('tsfel', {'config_file': 'tsfel_config.json'}), 'feature_extraction__n_lags': 3, 'classifier__base_estimator__n_estimators': 100, 'classifier__base_estimator__max_depth': 3}",0.5363575768849207,0.48753862858097385,0.6289324960753533,0.6541813503384237,0.6289626840123245,0.5871945471783993,0.06401494370913531,38,0.9969407211360597,0.9764830272676683,0.9589702828132612,0.94621460089409,0.9253749086217525,0.9607967081465663,0.02458913518426654
47.5289493560791,22.712291353723273,16.079116678237916,0.4572250585391977,"('ffill', None)",0.9,correlation,"('tsfel', {'config_file': 'tsfel_config.json'})",8,100,7,"{'imputation__params': ('ffill', None), 'feature_selection__threshold': 0.9, 'feature_selection__strategy': 'correlation', 'feature_extraction__params': ('tsfel', {'config_file': 'tsfel_config.json'}), 'feature_extraction__n_lags': 8, 'classifier__base_estimator__n_estimators': 100, 'classifier__base_estimator__max_depth': 7}",0.6498835041938491,0.5328523862375139,0.552891495601173,0.6530804150453956,0.5636451301832208,0.5904705862522305,0.05079672351688366,37,1.0,1.0,1.0,0.999998590199064,0.9996632124352332,0.9999323605268595,0.0001345751534917168
48.41240072250366,23.036929401055477,16.097529458999634,0.4606514849124792,"('interpolate', ('polynomial', 3))",0.85,correlation,"('tsfel', {'config_file': 'tsfel_config.json'})",8,400,7,"{'imputation__params': ('interpolate', ('polynomial', 3)), 'feature_selection__threshold': 0.85, 'feature_selection__strategy': 'correlation', 'feature_extraction__params': ('tsfel', {'config_file': 'tsfel_config.json'}), 'feature_extraction__n_lags': 8, 'classifier__base_estimator__n_estimators': 400, 'classifier__base_estimator__max_depth': 7}",0.6243709226467847,0.5778271056850414,0.5353196480938417,0.6321335927367057,0.5979897633706699,0.5935282065066086,0.03491794757436702,32,1.0,1.0,1.0,1.0,1.0,1.0,0.0
53.14182372093201,24.428564467989602,17.77003984451294,0.27806970300181433,"('interpolate', 'linear')",0.99,pca,"('tsfel', {'config_file': 'tsfel_config.json'})",5,100,5,"{'imputation__params': ('interpolate', 'linear'), 'feature_selection__threshold': 0.99, 'feature_selection__strategy': 'pca', 'feature_extraction__params': ('tsfel', {'config_file': 'tsfel_config.json'}), 'feature_extraction__n_lags': 5, 'classifier__base_estimator__n_estimators': 100, 'classifier__base_estimator__max_depth': 5}",0.5999265377792908,0.5324904214559388,0.49638953942232644,0.5216677908062675,0.4753621967654986,0.5251672972458644,0.042340349828175014,77,0.9409270216962524,0.9023567796537502,0.8914165421703111,0.8717015714307756,0.8597484982914536,0.8932300826485087,0.02809297708725929
52.93918342590332,25.097383582181447,17.886829376220703,0.35274578303939097,"('interpolate', ('spline', 2))",0.99,pca,"('tsfel', {'config_file': 'tsfel_config.json'})",5,200,7,"{'imputation__params': ('interpolate', ('spline', 2)), 'feature_selection__threshold': 0.99, 'feature_selection__strategy': 'pca', 'feature_extraction__params': ('tsfel', {'config_file': 'tsfel_config.json'}), 'feature_extraction__n_lags': 5, 'classifier__base_estimator__n_estimators': 200, 'classifier__base_estimator__max_depth': 7}",0.6285678450484672,0.5405938697318007,0.49235327514016036,0.5222644495174846,0.47510950134770896,0.5317777881571244,0.05348294863967789,73,0.9643902038132807,0.9353847077284538,0.9219747385576532,0.9014753241943909,0.8994741721889092,0.9245398292965377,0.02396873792952223
47.36057448387146,22.499884471604005,16.190800523757936,0.6593446282489196,"('interpolate', ('spline', 2))",0.85,pca,"('tsfel', {'config_file': 'tsfel_config.json'})",8,500,9,"{'imputation__params': ('interpolate', ('spline', 2)), 'feature_selection__threshold': 0.85, 'feature_selection__strategy': 'pca', 'feature_extraction__params': ('tsfel', {'config_file': 'tsfel_config.json'}), 'feature_extraction__n_lags': 8, 'classifier__base_estimator__n_estimators': 500, 'classifier__base_estimator__max_depth': 9}",0.47637465051258154,0.5489702799358737,0.4664633431085044,0.5234111543450065,0.5117634695744628,0.5053965794952857,0.030403285427100562,87,0.9784635654200872,0.9605889020864857,0.9514839669652576,0.9304002424857609,0.9294944008022731,0.9500862155519728,0.018596206544575267
49.3250910282135,23.451797502399923,16.004263830184936,0.5005385643845622,"('interpolate', ('spline', 3))",0.99,correlation,"('tsfel', {'config_file': 'tsfel_config.json'})",8,400,9,"{'imputation__params': ('interpolate', ('spline', 3)), 'feature_selection__threshold': 0.99, 'feature_selection__strategy': 'correlation', 'feature_extraction__params': ('tsfel', {'config_file': 'tsfel_config.json'}), 'feature_extraction__n_lags': 8, 'classifier__base_estimator__n_estimators': 400, 'classifier__base_estimator__max_depth': 9}",0.6193383038210625,0.5466518682944876,0.5675777126099707,0.6059662775616083,0.5694681403456717,0.5818004605265601,0.026768909605784617,43,1.0,1.0,1.0,1.0,1.0,1.0,0.0
57.861238956451416,26.559190618357764,19.13088264465332,0.14971506506622606,"('interpolate', ('spline', 2))",0.99,pca,"('tsfel', {'config_file': 'tsfel_config.json'})",3,200,11,"{'imputation__params': ('interpolate', ('spline', 2)), 'feature_selection__threshold': 0.99, 'feature_selection__strategy': 'pca', 'feature_extraction__params': ('tsfel', {'config_file': 'tsfel_config.json'}), 'feature_extraction__n_lags': 3, 'classifier__base_estimator__n_estimators': 200, 'classifier__base_estimator__max_depth': 11}",0.6239149305555555,0.5802555750438487,0.48971742543171115,0.5175085305140684,0.46859196948207565,0.5359976862054519,0.05781945112331216,65,0.960343208400922,0.9362103505843071,0.9146209926241208,0.9004233892380925,0.8933830690716428,0.9209962019838172,0.024519487186731703
53.1411328792572,25.31564617302624,17.788956928253175,0.3659643062720477,"('interpolate', ('spline', 3))",0.95,pca,"('tsfel', {'config_file': 'tsfel_config.json'})",5,400,7,"{'imputation__params': ('interpolate', ('spline', 3)), 'feature_selection__threshold': 0.95, 'feature_selection__strategy': 'pca', 'feature_extraction__params': ('tsfel', {'config_file': 'tsfel_config.json'}), 'feature_extraction__n_lags': 5, 'classifier__base_estimator__n_estimators': 400, 'classifier__base_estimator__max_depth': 7}",0.6344000286681836,0.5564559386973179,0.4894968419558583,0.526642108540002,0.462585284703504,0.5339160405129733,0.059530044342148807,70,0.9667406311637081,0.9402573292974679,0.9273846711032641,0.9110595309734317,0.9122324568660978,0.931534923880794,0.020613460297702304
53.485837078094484,25.105158164295812,17.81849060058594,0.37848558779761293,"('interpolate', 'linear')",0.85,correlation,"('tsfel', {'config_file': 'tsfel_config.json'})",5,50,5,"{'imputation__params': ('interpolate', 'linear'), 'feature_selection__threshold': 0.85, 'feature_selection__strategy': 'correlation', 'feature_extraction__params': ('tsfel', {'config_file': 'tsfel_config.json'}), 'feature_extraction__n_lags': 5, 'classifier__base_estimator__n_estimators': 50, 'classifier__base_estimator__max_depth': 5}",0.6350181863790292,0.5878160919540231,0.6360797672273083,0.6671163225070043,0.6639940616576819,0.6380048859450094,0.028476146128194924,1,0.9998520710059172,0.9948251172601847,0.9955181311965232,0.985739414499309,0.9802788305715554,0.9912427129066981,0.00715159952185616
47.532736206054686,22.75286306663554,15.997692632675172,0.5149131323095368,"('interpolate', ('spline', 2))",0.95,pca,"('tsfel', {'config_file': 'tsfel_config.json'})",8,500,5,"{'imputation__params': ('interpolate', ('spline', 2)), 'feature_selection__threshold': 0.95, 'feature_selection__strategy': 'pca', 'feature_extraction__params': ('tsfel', {'config_file': 'tsfel_config.json'}), 'feature_extraction__n_lags': 8, 'classifier__base_estimator__n_estimators': 500, 'classifier__base_estimator__max_depth': 5}",0.46309412861137,0.506992230854606,0.490674486803519,0.5126945525291828,0.5123259896644661,0.4971562776926287,0.01881779867026665,96,0.9782405999797305,0.9562879317919263,0.9451101990273325,0.9198387187729092,0.9166542704328933,0.9432263440009583,0.023035660245119428
54.509544706344606,26.01196843114383,18.14740333557129,0.653372099540175,"('interpolate', ('polynomial', 3))",0.95,correlation,"('tsfel', {'config_file': 'tsfel_config.json'})",5,200,3,"{'imputation__params': ('interpolate', ('polynomial', 3)), 'feature_selection__threshold': 0.95, 'feature_selection__strategy': 'correlation', 'feature_extraction__params': ('tsfel', {'config_file': 'tsfel_config.json'}), 'feature_extraction__n_lags': 5, 'classifier__base_estimator__n_estimators': 200, 'classifier__base_estimator__max_depth': 3}",0.6387629678737167,0.5745593869731801,0.5990171031154639,0.6899968869980285,0.5995619946091644,0.6203796679139107,0.040432006510923324,8,1.0,0.9992282693511461,0.9964274958812867,0.9891725796461249,0.9769615452298592,0.9923579780216834,0.00859487386763253
52.92981042861938,25.07343685636313,17.844453191757204,0.3495592052644327,"('interpolate', ('polynomial', 2))",0.95,pca,"('tsfel', {'config_file': 'tsfel_config.json'})",5,200,5,"{'imputation__params': ('interpolate', ('polynomial', 2)), 'feature_selection__threshold': 0.95, 'feature_selection__strategy': 'pca', 'feature_extraction__params': ('tsfel', {'config_file': 'tsfel_config.json'}), 'feature_extraction__n_lags': 5, 'classifier__base_estimator__n_estimators': 200, 'classifier__base_estimator__max_depth': 5}",0.6149773342172691,0.5447701149425288,0.47625257256404796,0.531895299367023,0.5044379632749325,0.5344666568731603,0.046659070597652244,68,0.9583251150558842,0.9275795096937944,0.910058518207961,0.890649557050057,0.8821470689433277,0.9137519537902049,0.027291753169068855
47.30289173126221,22.39619716381035,16.085144567489625,0.5152856621703119,"('interpolate', 'linear')",0.99,pca,"('tsfel', {'config_file': 'tsfel_config.json'})",8,400,5,"{'imputation__params': ('interpolate', 'linear'), 'feature_selection__threshold': 0.99, 'feature_selection__strategy': 'pca', 'feature_extraction__params': ('tsfel', {'config_file': 'tsfel_config.json'}), 'feature_extraction__n_lags': 8, 'classifier__base_estimator__n_estimators': 400, 'classifier__base_estimator__max_depth': 5}",0.46903541472506993,0.5118756936736958,0.4877419354838709,0.5143644617380025,0.5158741933091017,0.49977833978594816,0.018483397388717567,92,0.977693321171582,0.9540859217798316,0.9423015468807733,0.9154845485817402,0.911216363028581,0.9401563402885017,0.02471388142518458
48.09737787246704,22.821911633808416,16.028594732284546,0.4528965731138166,"('ffill', None)",0.85,correlation,"('tsfel', {'config_file': 'tsfel_config.json'})",8,200,7,"{'imputation__params': ('ffill', None), 'feature_selection__threshold': 0.85, 'feature_selection__strategy': 'correlation', 'feature_extraction__params': ('tsfel', {'config_file': 'tsfel_config.json'}), 'feature_extraction__n_lags': 8, 'classifier__base_estimator__n_estimators': 200, 'classifier__base_estimator__max_depth': 7}",0.6115097856477167,0.5724010358860525,0.5191554252199413,0.652091439688716,0.6065079247335756,0.5923331222352004,0.04447918469816411,34,1.0,1.0,1.0,1.0,1.0,1.0,0.0
57.320104360580444,26.826932942823785,19.247645378112793,0.24524253545347152,"('interpolate', ('polynomial', 3))",0.9,pca,"('tsfel', {'config_file': 'tsfel_config.json'})",3,500,5,"{'imputation__params': ('interpolate', ('polynomial', 3)), 'feature_selection__threshold': 0.9, 'feature_selection__strategy': 'pca', 'feature_extraction__params': ('tsfel', {'config_file': 'tsfel_config.json'}), 'feature_extraction__n_lags': 3, 'classifier__base_estimator__n_estimators': 500, 'classifier__base_estimator__max_depth': 5}",0.6217602926587301,0.5851916812828865,0.5048979591836735,0.5246629747720535,0.5005819924683328,0.5474189800731353,0.047901950098649615,45,0.9599874783004639,0.9364626228900019,0.9130509474116048,0.8995027469609632,0.8913446753121756,0.9200696941750419,0.025137805925917786
57.448483562469484,27.157320606877498,19.105076599121094,0.24395742403291587,"('interpolate', ('polynomial', 3))",0.85,correlation,"('tsfel', {'config_file': 'tsfel_config.json'})",3,50,7,"{'imputation__params': ('interpolate', ('polynomial', 3)), 'feature_selection__threshold': 0.85, 'feature_selection__strategy': 'correlation', 'feature_extraction__params': ('tsfel', {'config_file': 'tsfel_config.json'}), 'feature_extraction__n_lags': 3, 'classifier__base_estimator__n_estimators': 50, 'classifier__base_estimator__max_depth': 7}",0.5510680183531746,0.5150755867368244,0.6213971742543172,0.6610057615931084,0.6469897784516065,0.5991072638778062,0.05655102333223759,26,0.9999573123879449,0.9997180485995177,0.9979556079758639,0.9968190288599871,0.990261771466154,0.9969423538578935,0.003534587112864037
62.950491714477536,32.074578771096284,20.50127363204956,2.000816928883301,"('interpolate', ('polynomial', 2))",0.95,correlation,"('tsfel', {'config_file': 'tsfel_config.json'})",3,500,11,"{'imputation__params': ('interpolate', ('polynomial', 2)), 'feature_selection__threshold': 0.95, 'feature_selection__strategy': 'correlation', 'feature_extraction__params': ('tsfel', {'config_file': 'tsfel_config.json'}), 'feature_extraction__n_lags': 3, 'classifier__base_estimator__n_estimators': 500, 'classifier__base_estimator__max_depth': 11}",0.5608103918650794,0.6032406247389961,0.6322919937205652,0.6036918946131902,0.6015552403775614,0.6003180290630785,0.0228238604927332,24,1.0,1.0,1.0,1.0,1.0,1.0,0.0
49.32077932357788,23.42809410937933,16.738274574279785,0.5375833495002994,"('interpolate', ('polynomial', 3))",0.99,correlation,"('tsfel', {'config_file': 'tsfel_config.json'})",8,200,5,"{'imputation__params': ('interpolate', ('polynomial', 3)), 'feature_selection__threshold': 0.99, 'feature_selection__strategy': 'correlation', 'feature_extraction__params': ('tsfel', {'config_file': 'tsfel_config.json'}), 'feature_extraction__n_lags': 8, 'classifier__base_estimator__n_estimators': 200, 'classifier__base_estimator__max_depth': 5}",0.6349720410065237,0.583684794672586,0.5189208211143695,0.6411802853437094,0.583042800979156,0.5923601486232689,0.044169194423568245,33,1.0,1.0,1.0,0.9999957705971917,0.9999883001838543,0.9999968141562092,4.561261725901468e-06
54.55156569480896,25.24774695546683,18.467930364608765,0.20764664320358947,"('interpolate', 'linear')",0.99,pca,"('tsfel', {'config_file': 'tsfel_config.json'})",5,400,7,"{'imputation__params': ('interpolate', 'linear'), 'feature_selection__threshold': 0.99, 'feature_selection__strategy': 'pca', 'feature_extraction__params': ('tsfel', {'config_file': 'tsfel_config.json'}), 'feature_extraction__n_lags': 5, 'classifier__base_estimator__n_estimators': 400, 'classifier__base_estimator__max_depth': 7}",0.6344000286681836,0.5564559386973179,0.4894968419558583,0.526642108540002,0.462585284703504,0.5339160405129733,0.059530044342148807,70,0.9667406311637081,0.9402573292974679,0.9273846711032641,0.9110595309734317,0.9122324568660978,0.931534923880794,0.020613460297702304
49.76238698959351,24.11370906243731,16.971062088012694,0.6197386999525216,"('ffill', None)",0.95,pca,"('tsfel', {'config_file': 'tsfel_config.json'})",8,400,11,"{'imputation__params': ('ffill', None), 'feature_selection__threshold': 0.95, 'feature_selection__strategy': 'pca', 'feature_extraction__params': ('tsfel', {'config_file': 'tsfel_config.json'}), 'feature_extraction__n_lags': 8, 'classifier__base_estimator__n_estimators': 400, 'classifier__base_estimator__max_depth': 11}",0.4749417520969245,0.5461709211986682,0.46028152492668617,0.5265239948119326,0.4924276141730336,0.500069161441449,0.0319313840158112,90,0.9784635654200871,0.9609143222853176,0.9516237754276642,0.9300040884227148,0.9288191542704329,0.9499649811652432,0.018870040848091626
55.25979914665222,25.436619256140094,18.37065191268921,0.4481252540977549,"('interpolate', 'linear')",0.85,correlation,"('tsfel', {'config_file': 'tsfel_config.json'})",5,400,5,"{'imputation__params': ('interpolate', 'linear'), 'feature_selection__threshold': 0.85, 'feature_selection__strategy': 'correlation', 'feature_extraction__params': ('tsfel', {'config_file': 'tsfel_config.json'}), 'feature_extraction__n_lags': 5, 'classifier__base_estimator__n_estimators': 400, 'classifier__base_estimator__max_depth': 5}",0.6332085072835104,0.5754597701149426,0.5758995103257398,0.621225485109474,0.6461211253369273,0.6103828796341189,0.02940924995420186,16,1.0,1.0,1.0,1.0,1.0,1.0,0.0
48.18453140258789,22.70977574169264,16.362761354446413,0.37668965022030404,"('interpolate', ('spline', 3))",0.99,pca,"('tsfel', {'config_file': 'tsfel_config.json'})",8,200,5,"{'imputation__params': ('interpolate', ('spline', 3)), 'feature_selection__threshold': 0.99, 'feature_selection__strategy': 'pca', 'feature_extraction__params': ('tsfel', {'config_file': 'tsfel_config.json'}), 'feature_extraction__n_lags': 8, 'classifier__base_estimator__n_estimators': 200, 'classifier__base_estimator__max_depth': 5}",0.4827819198508855,0.4864964853866074,0.5160117302052786,0.5110732814526588,0.5117881957322652,0.5016303225255391,0.01402477848785971,89,0.9722610722610723,0.9425904532561004,0.9279936487012792,0.8982074381097389,0.8944710011699817,0.9271047226996345,0.028912650461564278
58.14250512123108,27.12531420110523,19.34318628311157,0.11336924632470556,"('interpolate', ('spline', 3))",0.95,pca,"('tsfel', {'config_file': 'tsfel_config.json'})",3,200,9,"{'imputation__params': ('interpolate', ('spline', 3)), 'feature_selection__threshold': 0.95, 'feature_selection__strategy': 'pca', 'feature_extraction__params': ('tsfel', {'config_file': 'tsfel_config.json'}), 'feature_extraction__n_lags': 3, 'classifier__base_estimator__n_estimators': 200, 'classifier__base_estimator__max_depth': 9}",0.6214890252976191,0.5673849494696401,0.5001255886970173,0.5286737148291101,0.481068127353646,0.5397482811294065,0.05016233430692699,53,0.9603716668089586,0.9363680207753664,0.9130483833747852,0.8996881306182352,0.8915013646582167,0.9201955132471124,0.02518198437660221
57.152459192276,27.01536655122122,19.38957190513611,0.22518637079250892,"('interpolate', ('spline', 2))",0.99,pca,"('tsfel', {'config_file': 'tsfel_config.json'})",3,50,9,"{'imputation__params': ('interpolate', ('spline', 2)), 'feature_selection__threshold': 0.99, 'feature_selection__strategy': 'pca', 'feature_extraction__params': ('tsfel', {'config_file': 'tsfel_config.json'}), 'feature_extraction__n_lags': 3, 'classifier__base_estimator__n_estimators': 50, 'classifier__base_estimator__max_depth': 9}",0.6113746279761905,0.5779587404994572,0.48399529042386186,0.49706885942831575,0.4742505012960337,0.5289296039247718,0.05518159486286843,75,0.946861037593557,0.9068484511222408,0.886427698435083,0.8684027073738281,0.8568538268866315,0.8930787442822681,0.031772717066593625
52.845411157608034,24.8794581259491,17.827063941955565,0.2737130358605325,"('interpolate', 'linear')",0.95,pca,"('tsfel', {'config_file': 'tsfel_config.json'})",5,50,5,"{'imputation__params': ('interpolate', 'linear'), 'feature_selection__threshold': 0.95, 'feature_selection__strategy': 'pca', 'feature_extraction__params': ('tsfel', {'config_file': 'tsfel_config.json'}), 'feature_extraction__n_lags': 5, 'classifier__base_estimator__n_estimators': 50, 'classifier__base_estimator__max_depth': 5}",0.5819462113203491,0.5637547892720306,0.4932492371016961,0.5123871536785306,0.503727257412399,0.5310129297570011,0.03516746356534646,74,0.9269066403681788,0.8782316220920761,0.8674984794713874,0.8386621787538328,0.8349552048285807,0.8692508251028113,0.03322581321546741
57.351830863952635,27.164495426735616,19.210677480697633,0.24489844961487625,"('interpolate', ('spline', 3))",0.99,pca,"('tsfel', {'config_file': 'tsfel_config.json'})",3,100,11,"{'imputation__params': ('interpolate', ('spline', 3)), 'feature_selection__threshold': 0.99, 'feature_selection__strategy': 'pca', 'feature_extraction__params': ('tsfel', {'config_file': 'tsfel_config.json'}), 'feature_extraction__n_lags': 3, 'classifier__base_estimator__n_estimators': 100, 'classifier__base_estimator__max_depth': 11}",0.6170169890873016,0.6172220830201285,0.48905023547880694,0.5032443922358337,0.46643028317112534,0.5385927965986392,0.06518331388957793,57,0.9577961808816415,0.9279020589872009,0.9063536832388912,0.8897879674419951,0.879544850391752,0.9122769481882962,0.028029891834610614
48.032662534713744,23.15474559231367,16.018671560287476,0.5808396925931318,"('interpolate', ('spline', 2))",0.95,correlation,"('tsfel', {'config_file': 'tsfel_config.json'})",8,100,5,"{'imputation__params': ('interpolate', ('spline', 2)), 'feature_selection__threshold': 0.95, 'feature_selection__strategy': 'correlation', 'feature_extraction__params': ('tsfel', {'config_file': 'tsfel_config.json'}), 'feature_extraction__n_lags': 8, 'classifier__base_estimator__n_estimators': 100, 'classifier__base_estimator__max_depth': 5}",0.6407968313140727,0.5480577136514984,0.5364457478005865,0.6670233463035019,0.578530277180229,0.5941707832499776,0.051351153126465494,31,1.0,0.9998535609105257,0.9992884747895383,0.9985634128461062,0.9932680093598529,0.9981946915812046,0.0025145775282119152
48.46682968139648,22.84897535639964,16.17611289024353,0.4842363195334859,"('interpolate', 'linear')",0.95,correlation,"('tsfel', {'config_file': 'tsfel_config.json'})",8,300,5,"{'imputation__params': ('interpolate', 'linear'), 'feature_selection__threshold': 0.95, 'feature_selection__strategy': 'correlation', 'feature_extraction__params': ('tsfel', {'config_file': 'tsfel_config.json'}), 'feature_extraction__n_lags': 8, 'classifier__base_estimator__n_estimators': 300, 'classifier__base_estimator__max_depth': 5}",0.6344128611369991,0.5802441731409546,0.5347096774193548,0.6645428015564202,0.5887916326681997,0.6005402291843857,0.04500512286916095,23,1.0,1.0,1.0,1.0,1.0,1.0,0.0
47.42905201911926,22.43300954256356,16.086012220382692,0.4685735983517868,"('interpolate', ('polynomial', 3))",0.85,pca,"('tsfel', {'config_file': 'tsfel_config.json'})",8,50,7,"{'imputation__params': ('interpolate', ('polynomial', 3)), 'feature_selection__threshold': 0.85, 'feature_selection__strategy': 'pca', 'feature_extraction__params': ('tsfel', {'config_file': 'tsfel_config.json'}), 'feature_extraction__n_lags': 8, 'classifier__base_estimator__n_estimators': 50, 'classifier__base_estimator__max_depth': 7}",0.5012232059645852,0.5435442101368849,0.47001759530791787,0.529863813229572,0.49757683653537077,0.5084451322348661,0.025836628378571275,83,0.9441471571906355,0.9201473068766711,0.9032113504498835,0.8794881012800992,0.8688559251211767,0.9031699681836931,0.02722368869875824
57.85815773010254,27.48829905272611,19.510673236846923,0.8239845562350829,"('interpolate', ('polynomial', 2))",0.85,pca,"('tsfel', {'config_file': 'tsfel_config.json'})",3,300,11,"{'imputation__params': ('interpolate', ('polynomial', 2)), 'feature_selection__threshold': 0.85, 'feature_selection__strategy': 'pca', 'feature_extraction__params': ('tsfel', {'config_file': 'tsfel_config.json'}), 'feature_extraction__n_lags': 3, 'classifier__base_estimator__n_estimators': 300, 'classifier__base_estimator__max_depth': 11}",0.6237444196428571,0.5776580639772823,0.49254317111459966,0.5252055714045981,0.4720937056780946,0.5382489863634864,0.05567444277927818,59,0.9612254190500584,0.9392116490447042,0.9172747707323743,0.9047485251378308,0.8985672807437675,0.924205528941747,0.023149885879716253
49.57814073562622,23.244267749153636,16.960806465148927,1.2678157497842244,"('interpolate', ('polynomial', 2))",0.95,correlation,"('tsfel', {'config_file': 'tsfel_config.json'})",8,400,9,"{'imputation__params': ('interpolate', ('polynomial', 2)), 'feature_selection__threshold': 0.95, 'feature_selection__strategy': 'correlation', 'feature_extraction__params': ('tsfel', {'config_file': 'tsfel_config.json'}), 'feature_extraction__n_lags': 8, 'classifier__base_estimator__n_estimators': 400, 'classifier__base_estimator__max_depth': 9}",0.63690587138863,0.5712664940189913,0.5366099706744869,0.6453145265888456,0.5825606409020103,0.5945315007145929,0.041021868973393945,30,1.0,1.0,1.0,1.0,1.0,1.0,0.0
57.418562173843384,26.910842898168383,19.30402545928955,0.1833402213265478,"('interpolate', ('spline', 3))",0.85,pca,"('tsfel', {'config_file': 'tsfel_config.json'})",3,200,5,"{'imputation__params': ('interpolate', ('spline', 3)), 'feature_selection__threshold': 0.85, 'feature_selection__strategy': 'pca', 'feature_extraction__params': ('tsfel', {'config_file': 'tsfel_config.json'}), 'feature_extraction__n_lags': 3, 'classifier__base_estimator__n_estimators': 200, 'classifier__base_estimator__max_depth': 5}",0.610227554563492,0.5716946462874801,0.5014913657770801,0.5241371594786597,0.504313591235878,0.542372863468518,0.04222883376948907,49,0.9551780073422693,0.9222370617696161,0.8993410425373709,0.8831320182680145,0.871949570665463,0.9063675401165467,0.02969229257982648
57.281548500061035,27.333976904074728,19.257026958465577,0.25363252901827127,"('interpolate', ('spline', 3))",0.9,pca,"('tsfel', {'config_file': 'tsfel_config.json'})",3,50,11,"{'imputation__params': ('interpolate', ('spline', 3)), 'feature_selection__threshold': 0.9, 'feature_selection__strategy': 'pca', 'feature_extraction__params': ('tsfel', {'config_file': 'tsfel_config.json'}), 'feature_extraction__n_lags': 3, 'classifier__base_estimator__n_estimators': 50, 'classifier__base_estimator__max_depth': 11}",0.6108863467261905,0.6151340516161363,0.4853296703296704,0.49057448117693125,0.47626546681664794,0.5356380033331153,0.06335405648752764,66,0.9500910669057172,0.9109386013726581,0.8893353161884738,0.8688989948729833,0.8605946059907464,0.8959717170661158,0.03219138314673946
50.91509356498718,25.184477080875055,16.84625372886658,0.9986230733034712,"('interpolate', 'linear')",0.99,correlation,"('tsfel', {'config_file': 'tsfel_config.json'})",8,300,11,"{'imputation__params': ('interpolate', 'linear'), 'feature_selection__threshold': 0.99, 'feature_selection__strategy': 'correlation', 'feature_extraction__params': ('tsfel', {'config_file': 'tsfel_config.json'}), 'feature_extraction__n_lags': 8, 'classifier__base_estimator__n_estimators': 300, 'classifier__base_estimator__max_depth': 11}",0.6304054054054054,0.5544210136884943,0.5271554252199413,0.6413910505836576,0.5799396681749622,0.5866625126144921,0.043667969676859646,39,1.0,1.0,1.0,1.0,1.0,1.0,0.0
55.356965970993045,25.685303238351008,17.96141633987427,0.2612352051866593,"('ffill', None)",0.95,correlation,"('tsfel', {'config_file': 'tsfel_config.json'})",5,400,7,"{'imputation__params': ('ffill', None), 'feature_selection__threshold': 0.95, 'feature_selection__strategy': 'correlation', 'feature_extraction__params': ('tsfel', {'config_file': 'tsfel_config.json'}), 'feature_extraction__n_lags': 5, 'classifier__base_estimator__n_estimators': 400, 'classifier__base_estimator__max_depth': 7}",0.6492985253803014,0.5829501915708812,0.5747285501383862,0.6180346580886169,0.6347919474393531,0.6119607745235078,0.02891406098504668,15,1.0,1.0,1.0,1.0,1.0,1.0,0.0
53.32093224525452,25.005037276530466,17.878294706344604,0.2700629285598777,"('interpolate', ('polynomial', 2))",0.99,pca,"('tsfel', {'config_file': 'tsfel_config.json'})",5,100,5,"{'imputation__params': ('interpolate', ('polynomial', 2)), 'feature_selection__threshold': 0.99, 'feature_selection__strategy': 'pca', 'feature_extraction__params': ('tsfel', {'config_file': 'tsfel_config.json'}), 'feature_extraction__n_lags': 5, 'classifier__base_estimator__n_estimators': 100, 'classifier__base_estimator__max_depth': 5}",0.5999265377792908,0.5324904214559388,0.49638953942232644,0.5216677908062675,0.4753621967654986,0.5251672972458644,0.042340349828175014,77,0.9409270216962524,0.9023567796537502,0.8914165421703111,0.8717015714307756,0.8597484982914536,0.8932300826485087,0.02809297708725929
53.86278238296509,25.3963624219354,17.83665280342102,0.39861849205495026,"('interpolate', ('spline', 3))",0.99,correlation,"('tsfel', {'config_file': 'tsfel_config.json'})",5,100,7,"{'imputation__params': ('interpolate', ('spline', 3)), 'feature_selection__threshold': 0.99, 'feature_selection__strategy': 'correlation', 'feature_extraction__params': ('tsfel', {'config_file': 'tsfel_config.json'}), 'feature_extraction__n_lags': 5, 'classifier__base_estimator__n_estimators': 100, 'classifier__base_estimator__max_depth': 7}",0.6076579885685617,0.5729310344827586,0.6586296217443759,0.6556630694199439,0.628948365902965,0.624766016023721,0.031932471455381674,5,1.0,1.0,1.0,0.999995591441224,0.9999251443925271,0.9999841471667503,2.9550755490815015e-05
48.46333699226379,22.872286175039207,16.147470664978027,0.42953458382241305,"('interpolate', ('polynomial', 3))",0.85,correlation,"('tsfel', {'config_file': 'tsfel_config.json'})",8,100,11,"{'imputation__params': ('interpolate', ('polynomial', 3)), 'feature_selection__threshold': 0.85, 'feature_selection__strategy': 'correlation', 'feature_extraction__params': ('tsfel', {'config_file': 'tsfel_config.json'}), 'feature_extraction__n_lags': 8, 'classifier__base_estimator__n_estimators': 100, 'classifier__base_estimator__max_depth': 11}",0.6240913327120224,0.5342705635713405,0.4797184750733138,0.6763942931258106,0.5907449991345846,0.5810439327234143,0.06854703056150353,44,1.0,1.0,1.0,1.0,1.0,1.0,0.0
54.96605715751648,25.936730504423892,17.920404291152956,0.2855457141646954,"('interpolate', ('spline', 2))",0.99,correlation,"('tsfel', {'config_file': 'tsfel_config.json'})",5,500,5,"{'imputation__params': ('interpolate', ('spline', 2)), 'feature_selection__threshold': 0.99, 'feature_selection__strategy': 'correlation', 'feature_extraction__params': ('tsfel', {'config_file': 'tsfel_config.json'}), 'feature_extraction__n_lags': 5, 'classifier__base_estimator__n_estimators': 500, 'classifier__base_estimator__max_depth': 5}",0.6328680726021751,0.5965708812260536,0.5758995103257398,0.6383988793192903,0.6287904312668463,0.6145055549480211,0.024183506356378275,12,1.0,1.0,1.0,1.0,1.0,1.0,0.0
47.83201518058777,22.688872742376244,16.17403883934021,0.638993757265968,"('interpolate', ('polynomial', 3))",0.99,pca,"('tsfel', {'config_file': 'tsfel_config.json'})",8,400,5,"{'imputation__params': ('interpolate', ('polynomial', 3)), 'feature_selection__threshold': 0.99, 'feature_selection__strategy': 'pca', 'feature_extraction__params': ('tsfel', {'config_file': 'tsfel_config.json'}), 'feature_extraction__n_lags': 8, 'classifier__base_estimator__n_estimators': 400, 'classifier__base_estimator__max_depth': 5}",0.46903541472506993,0.5118756936736958,0.4877419354838709,0.5143644617380025,0.5158741933091017,0.49977833978594816,0.018483397388717567,92,0.977693321171582,0.9540859217798316,0.9423015468807733,0.9154845485817402,0.911216363028581,0.9401563402885017,0.02471388142518458
59.604637908935544,28.45151857437371,19.5210009098053,0.3800321208221229,"('interpolate', ('polynomial', 2))",0.99,correlation,"('tsfel', {'config_file': 'tsfel_config.json'})",3,500,5,"{'imputation__params': ('interpolate', ('polynomial', 2)), 'feature_selection__threshold': 0.99, 'feature_selection__strategy': 'correlation', 'feature_extraction__params': ('tsfel', {'config_file': 'tsfel_config.json'}), 'feature_extraction__n_lags': 3, 'classifier__base_estimator__n_estimators': 500, 'classifier__base_estimator__max_depth': 5}",0.5727306547619048,0.5911467468470726,0.5882417582417583,0.6200928567433015,0.6059470827016188,0.5956318198591313,0.016148927062816478,28,1.0,1.0,1.0,1.0,1.0,1.0,0.0
54.38198580741882,25.349044070145517,18.26573853492737,0.4892824678130238,"('interpolate', ('spline', 2))",0.85,pca,"('tsfel', {'config_file': 'tsfel_config.json'})",5,500,9,"{'imputation__params': ('interpolate', ('spline', 2)), 'feature_selection__threshold': 0.85, 'feature_selection__strategy': 'pca', 'feature_extraction__params': ('tsfel', {'config_file': 'tsfel_config.json'}), 'feature_extraction__n_lags': 5, 'classifier__base_estimator__n_estimators': 500, 'classifier__base_estimator__max_depth': 9}",0.642041891383419,0.5613697318007662,0.4902419984387197,0.5215510532323336,0.459442385444744,0.5349294120599964,0.06331889187769695,67,0.9669871794871796,0.9426539817014088,0.9290301881518837,0.9147131240590483,0.916644341310052,0.9340057629419144,0.019292209545200008
53.51889781951904,25.39501393433294,18.10126886367798,0.31282291055411715,"('interpolate', ('polynomial', 2))",0.99,pca,"('tsfel', {'config_file': 'tsfel_config.json'})",5,100,7,"{'imputation__params': ('interpolate', ('polynomial', 2)), 'feature_selection__threshold': 0.99, 'feature_selection__strategy': 'pca', 'feature_extraction__params': ('tsfel', {'config_file': 'tsfel_config.json'}), 'feature_extraction__n_lags': 5, 'classifier__base_estimator__n_estimators': 100, 'classifier__base_estimator__max_depth': 7}",0.59909336869076,0.50522030651341,0.48061706053509334,0.5156752620109992,0.47894731300539084,0.5159106621511307,0.04392181526131732,80,0.9540105193951348,0.9242310561562668,0.9085960550893915,0.8861418057015891,0.8807264539716809,0.9107411780628126,0.026701412118887085
48.294208717346194,23.04839708255077,16.204543828964233,0.4740164536897182,"('interpolate', ('polynomial', 2))",0.95,correlation,"('tsfel', {'config_file': 'tsfel_config.json'})",8,50,7,"{'imputation__params': ('interpolate', ('polynomial', 2)), 'feature_selection__threshold': 0.95, 'feature_selection__strategy': 'correlation', 'feature_extraction__params': ('tsfel', {'config_file': 'tsfel_config.json'}), 'feature_extraction__n_lags': 8, 'classifier__base_estimator__n_estimators': 50, 'classifier__base_estimator__max_depth': 7}",0.625943616029823,0.5604390183746453,0.5446803519061584,0.6674286640726329,0.5924140147862423,0.5981811330339004,0.044465799149846615,27,1.0,0.9998101715506815,0.9991985979208484,0.9985535442395534,0.9945775530670233,0.9984279733556214,0.0019908343119071524
58.01963076591492,27.065639499345348,19.52244625091553,0.4365191016347721,"('interpolate', ('polynomial', 3))",0.85,pca,"('tsfel', {'config_file': 'tsfel_config.json'})",3,300,11,"{'imputation__params': ('interpolate', ('polynomial', 3)), 'feature_selection__threshold': 0.85, 'feature_selection__strategy': 'pca', 'feature_extraction__params': ('tsfel', {'config_file': 'tsfel_config.json'}), 'feature_extraction__n_lags': 3, 'classifier__base_estimator__n_estimators': 300, 'classifier__base_estimator__max_depth': 11}",0.6237444196428571,0.5776580639772823,0.49254317111459966,0.5252055714045981,0.4720937056780946,0.5382489863634864,0.05567444277927818,59,0.9612254190500584,0.9392116490447042,0.9172747707323743,0.9047485251378308,0.8985672807437675,0.924205528941747,0.023149885879716253
54.456352949142456,26.32149756173322,18.088418197631835,0.4528076629542115,"('interpolate', ('spline', 3))",0.85,pca,"('tsfel', {'config_file': 'tsfel_config.json'})",5,50,9,"{'imputation__params': ('interpolate', ('spline', 3)), 'feature_selection__threshold': 0.85, 'feature_selection__strategy': 'pca', 'feature_extraction__params': ('tsfel', {'config_file': 'tsfel_config.json'}), 'feature_extraction__n_lags': 5, 'classifier__base_estimator__n_estimators': 50, 'classifier__base_estimator__max_depth': 9}",0.6061797853469746,0.5306609195402299,0.49122666950535804,0.4929438621977794,0.46460684804582214,0.5171236169272329,0.04924953427989476,79,0.9435979618671926,0.9113109988767032,0.8908831269547896,0.8705955742478447,0.8658892846167787,0.8964553893126617,0.0285558336660992
56.175390529632566,25.33334701448857,18.11165008544922,0.2623262882238517,"('interpolate', ('spline', 2))",0.95,correlation,"('tsfel', {'config_file': 'tsfel_config.json'})",5,300,9,"{'imputation__params': ('interpolate', ('spline', 2)), 'feature_selection__threshold': 0.95, 'feature_selection__strategy': 'correlation', 'feature_extraction__params': ('tsfel', {'config_file': 'tsfel_config.json'}), 'feature_extraction__n_lags': 5, 'classifier__base_estimator__n_estimators': 300, 'classifier__base_estimator__max_depth': 9}",0.6409489168801848,0.6223371647509578,0.593801007735434,0.6251426792570302,0.5946133760107816,0.6153686289268776,0.01840862021244765,11,1.0,1.0,1.0,1.0,1.0,1.0,0.0
48.11261086463928,22.823956038888007,16.417129373550416,0.46147029689700464,"('ffill', None)",0.95,pca,"('tsfel', {'config_file': 'tsfel_config.json'})",8,50,9,"{'imputation__params': ('ffill', None), 'feature_selection__threshold': 0.95, 'feature_selection__strategy': 'pca', 'feature_extraction__params': ('tsfel', {'config_file': 'tsfel_config.json'}), 'feature_extraction__n_lags': 8, 'classifier__base_estimator__n_estimators': 50, 'classifier__base_estimator__max_depth': 9}",0.4977283317800559,0.48833394993217416,0.46340175953079177,0.5111462386511025,0.48199935711989716,0.4885219274028043,0.015938754239653546,100,0.9530556400121617,0.9241038741274671,0.9099546121813116,0.8872786612530311,0.8804529500250711,0.9109691475198085,0.026219460804578276
53.82715229988098,25.41250690187497,18.17619643211365,0.3154855335127442,"('interpolate', ('spline', 2))",0.9,pca,"('tsfel', {'config_file': 'tsfel_config.json'})",5,500,3,"{'imputation__params': ('interpolate', ('spline', 2)), 'feature_selection__threshold': 0.9, 'feature_selection__strategy': 'pca', 'feature_extraction__params': ('tsfel', {'config_file': 'tsfel_config.json'}), 'feature_extraction__n_lags': 5, 'classifier__base_estimator__n_estimators': 500, 'classifier__base_estimator__max_depth': 3}",0.5968357492250631,0.5588697318007663,0.501250798381946,0.5109538756874545,0.5155723551212938,0.5366965020433048,0.035982472045134106,63,0.9576923076923076,0.9220337675032799,0.9055864910136266,0.8800866502227425,0.8710349510024085,0.907286833486873,0.03103264091422138
48.26835708618164,22.784352523244163,16.385236120224,0.49715480474914103,"('interpolate', ('polynomial', 3))",0.99,pca,"('tsfel', {'config_file': 'tsfel_config.json'})",8,200,7,"{'imputation__params': ('interpolate', ('polynomial', 3)), 'feature_selection__threshold': 0.99, 'feature_selection__strategy': 'pca', 'feature_extraction__params': ('tsfel', {'config_file': 'tsfel_config.json'}), 'feature_extraction__n_lags': 8, 'classifier__base_estimator__n_estimators': 200, 'classifier__base_estimator__max_depth': 7}",0.4960857409133272,0.5198544826735725,0.4754017595307918,0.5247568093385214,0.5295230324159929,0.5091243649744411,0.020409969188312893,81,0.9760920239181109,0.9529550865888912,0.9409221866043521,0.9149636271358483,0.9092746113989637,0.9388415071292332,0.024639309362820366
49.32774724960327,23.428835045996223,16.429926013946535,0.4450009244051347,"('interpolate', ('spline', 3))",0.99,correlation,"('tsfel', {'config_file': 'tsfel_config.json'})",8,200,9,"{'imputation__params': ('interpolate', ('spline', 3)), 'feature_selection__threshold': 0.99, 'feature_selection__strategy': 'correlation', 'feature_extraction__params': ('tsfel', {'config_file': 'tsfel_config.json'}), 'feature_extraction__n_lags': 8, 'classifier__base_estimator__n_estimators': 200, 'classifier__base_estimator__max_depth': 9}",0.6216915191053122,0.5512393636699963,0.5463460410557185,0.6404345006485085,0.5648072595999308,0.5849037368158932,0.03862864474904461,41,1.0,1.0,1.0,1.0,1.0,1.0,0.0
58.579441165924074,27.44950066935071,19.3294264793396,0.285322496679749,"('interpolate', ('polynomial', 2))",0.95,correlation,"('tsfel', {'config_file': 'tsfel_config.json'})",3,50,9,"{'imputation__params': ('interpolate', ('polynomial', 2)), 'feature_selection__threshold': 0.95, 'feature_selection__strategy': 'correlation', 'feature_extraction__params': ('tsfel', {'config_file': 'tsfel_config.json'}), 'feature_extraction__n_lags': 3, 'classifier__base_estimator__n_estimators': 50, 'classifier__base_estimator__max_depth': 9}",0.601833767361111,0.5586402739497203,0.6263579277864992,0.6473010012865694,0.6318090673448429,0.6131884075457487,0.030945956178422326,13,1.0,0.9999629011315154,0.9997247933813662,0.9986434164663172,0.99681293297248,0.9990288087903357,0.001213158547107669
53.692667722702026,25.55252189480842,18.16477255821228,0.4438071495816399,"('interpolate', ('polynomial', 3))",0.85,pca,"('tsfel', {'config_file': 'tsfel_config.json'})",5,400,3,"{'imputation__params': ('interpolate', ('polynomial', 3)), 'feature_selection__threshold': 0.85, 'feature_selection__strategy': 'pca', 'feature_extraction__params': ('tsfel', {'config_file': 'tsfel_config.json'}), 'feature_extraction__n_lags': 5, 'classifier__base_estimator__n_estimators': 400, 'classifier__base_estimator__max_depth': 3}",0.5922488398344412,0.5545593869731801,0.5063249591938116,0.5281013282141745,0.5193891088274932,0.54012472460862,0.03047042773060493,52,0.9549145299145299,0.9161300280395469,0.8985369463848817,0.8731944196463013,0.8626616290156093,0.9010875106001738,0.032816775025922985
55.05900731086731,25.906435463206996,18.35364136695862,0.2873546159654257,"('ffill', None)",0.99,correlation,"('tsfel', {'config_file': 'tsfel_config.json'})",5,300,5,"{'imputation__params': ('ffill', None), 'feature_selection__threshold': 0.99, 'feature_selection__strategy': 'correlation', 'feature_extraction__params': ('tsfel', {'config_file': 'tsfel_config.json'}), 'feature_extraction__n_lags': 5, 'classifier__base_estimator__n_estimators': 300, 'classifier__base_estimator__max_depth': 5}",0.61382164806221,0.6042145593869732,0.5788623944361649,0.6414081145584726,0.6100277964959568,0.6096669025879555,0.02001770446670145,18,1.0,1.0,1.0,1.0,1.0,1.0,0.0
47.99139084815979,22.535105406922696,16.365935802459717,0.5820311548979914,"('interpolate', ('polynomial', 2))",0.99,pca,"('tsfel', {'config_file': 'tsfel_config.json'})",8,50,7,"{'imputation__params': ('interpolate', ('polynomial', 2)), 'feature_selection__threshold': 0.99, 'feature_selection__strategy': 'pca', 'feature_extraction__params': ('tsfel', {'config_file': 'tsfel_config.json'}), 'feature_extraction__n_lags': 8, 'classifier__base_estimator__n_estimators': 50, 'classifier__base_estimator__max_depth': 7}",0.5012232059645852,0.5435442101368849,0.47001759530791787,0.529863813229572,0.49757683653537077,0.5084451322348661,0.025836628378571275,83,0.9441471571906355,0.9201473068766711,0.9032113504498835,0.8794881012800992,0.8688559251211767,0.9031699681836931,0.02722368869875824
55.06882753372192,26.06593157758793,18.137926816940308,0.38776181938384496,"('interpolate', ('polynomial', 2))",0.99,correlation,"('tsfel', {'config_file': 'tsfel_config.json'})",5,500,3,"{'imputation__params': ('interpolate', ('polynomial', 2)), 'feature_selection__threshold': 0.99, 'feature_selection__strategy': 'correlation', 'feature_extraction__params': ('tsfel', {'config_file': 'tsfel_config.json'}), 'feature_extraction__n_lags': 5, 'classifier__base_estimator__n_estimators': 500, 'classifier__base_estimator__max_depth': 3}",0.6220816684882908,0.5891379310344828,0.6032219146973246,0.6374649787278199,0.6133023079514826,0.6130417601798801,0.016407948346577682,14,1.0,1.0,1.0,0.999995591441224,0.9991772449459333,0.9998345672774315,0.00032866560084699327
55.65360517501831,26.345108815386528,18.68554229736328,1.0573149718311528,"('interpolate', ('polynomial', 2))",0.85,correlation,"('tsfel', {'config_file': 'tsfel_config.json'})",5,100,5,"{'imputation__params': ('interpolate', ('polynomial', 2)), 'feature_selection__threshold': 0.85, 'feature_selection__strategy': 'correlation', 'feature_extraction__params': ('tsfel', {'config_file': 'tsfel_config.json'}), 'feature_extraction__n_lags': 5, 'classifier__base_estimator__n_estimators': 100, 'classifier__base_estimator__max_depth': 5}",0.6330830839798607,0.5815900383141763,0.6258249946774537,0.6384118501608385,0.649006064690027,0.6255832063644713,0.0232590191312047,4,1.0,0.9999742756450382,0.9996378287835574,0.9979511223088504,0.9958297547099937,0.998678596289488,0.0016118397236569643
55.276693773269656,25.530761447736435,18.333932209014893,0.2860353006452251,"('interpolate', 'linear')",0.95,correlation,"('tsfel', {'config_file': 'tsfel_config.json'})",5,50,5,"{'imputation__params': ('interpolate', 'linear'), 'feature_selection__threshold': 0.95, 'feature_selection__strategy': 'correlation', 'feature_extraction__params': ('tsfel', {'config_file': 'tsfel_config.json'}), 'feature_extraction__n_lags': 5, 'classifier__base_estimator__n_estimators': 50, 'classifier__base_estimator__max_depth': 5}",0.6101306194119438,0.5966570881226054,0.6002235469448585,0.6849771713188751,0.6416989555256066,0.6267374762647779,0.03316417897359259,3,1.0,0.9917210450947943,0.993382502012609,0.9894084375406412,0.9768551714718714,0.9902734312239833,0.007578468923068842
57.90463848114014,27.11302506827639,19.38852105140686,0.21082820866295202,"('ffill', None)",0.95,pca,"('tsfel', {'config_file': 'tsfel_config.json'})",3,200,3,"{'imputation__params': ('ffill', None), 'feature_selection__threshold': 0.95, 'feature_selection__strategy': 'pca', 'feature_extraction__params': ('tsfel', {'config_file': 'tsfel_config.json'}), 'feature_extraction__n_lags': 3, 'classifier__base_estimator__n_estimators': 200, 'classifier__base_estimator__max_depth': 3}",0.5927656870039683,0.5950221331328824,0.502668759811617,0.5313419477540974,0.501741086711987,0.5447079228829104,0.04155275677692503,46,0.9399812174506958,0.8853849007605268,0.8675837371691324,0.8425590669022582,0.8309267530300912,0.8732871350625409,0.0383812491897019
58.08441352844238,27.632185854997783,19.45431137084961,0.32230838851389837,"('interpolate', ('polynomial', 2))",0.95,pca,"('tsfel', {'config_file': 'tsfel_config.json'})",3,400,11,"{'imputation__params': ('interpolate', ('polynomial', 2)), 'feature_selection__threshold': 0.95, 'feature_selection__strategy': 'pca', 'feature_extraction__params': ('tsfel', {'config_file': 'tsfel_config.json'}), 'feature_extraction__n_lags': 3, 'classifier__base_estimator__n_estimators': 400, 'classifier__base_estimator__max_depth': 11}",0.6238839285714285,0.5779587404994572,0.4937048665620094,0.5245007551602617,0.48097520418643325,0.5402046989959179,0.05356223004312601,51,0.9613392526822049,0.9403728436282693,0.9184969616163688,0.9068128494047447,0.9006028099813691,0.9255249434625913,0.02246674259577666
54.93837022781372,25.7937206881095,18.191010093688966,0.3116990865247544,"('interpolate', ('polynomial', 2))",0.99,correlation,"('tsfel', {'config_file': 'tsfel_config.json'})",5,200,7,"{'imputation__params': ('interpolate', ('polynomial', 2)), 'feature_selection__threshold': 0.99, 'feature_selection__strategy': 'correlation', 'feature_extraction__params': ('tsfel', {'config_file': 'tsfel_config.json'}), 'feature_extraction__n_lags': 5, 'classifier__base_estimator__n_estimators': 200, 'classifier__base_estimator__max_depth': 7}",0.6529537188009532,0.5899425287356322,0.6233766233766234,0.6423160734668465,0.6429308456873315,0.6303039580134774,0.022332818058832287,2,1.0,1.0,1.0,1.0,1.0,1.0,0.0
55.11905708312988,25.871484520051897,18.131480598449706,0.24081547621369778,"('interpolate', ('spline', 2))",0.9,correlation,"('tsfel', {'config_file': 'tsfel_config.json'})",5,200,11,"{'imputation__params': ('interpolate', ('spline', 2)), 'feature_selection__threshold': 0.9, 'feature_selection__strategy': 'correlation', 'feature_extraction__params': ('tsfel', {'config_file': 'tsfel_config.json'}), 'feature_extraction__n_lags': 5, 'classifier__base_estimator__n_estimators': 200, 'classifier__base_estimator__max_depth': 11}",0.6251455806203078,0.6081226053639847,0.6168121495990349,0.6340795890837397,0.6376242419137466,0.6243568333161627,0.010877965274036902,6,1.0,1.0,1.0,1.0,1.0,1.0,0.0
53.73369846343994,25.48075974291561,18.04068789482117,0.2663202440624056,"('interpolate', ('spline', 2))",0.85,pca,"('tsfel', {'config_file': 'tsfel_config.json'})",5,200,3,"{'imputation__params': ('interpolate', ('spline', 2)), 'feature_selection__threshold': 0.85, 'feature_selection__strategy': 'pca', 'feature_extraction__params': ('tsfel', {'config_file': 'tsfel_config.json'}), 'feature_extraction__n_lags': 5, 'classifier__base_estimator__n_estimators': 200, 'classifier__base_estimator__max_depth': 3}",0.5926430273601979,0.5560727969348659,0.5064580228514655,0.5421876621355193,0.5141877948113207,0.5423098608186738,0.030980851761377503,50,0.9410913872452334,0.8957263271623465,0.876761401996272,0.8504925462292494,0.833854696073101,0.8795852717412405,0.037387651393179996
47.86463351249695,22.81905167806316,16.326910400390624,0.5874758450864156,"('ffill', None)",0.9,pca,"('tsfel', {'config_file': 'tsfel_config.json'})",8,200,11,"{'imputation__params': ('ffill', None), 'feature_selection__threshold': 0.9, 'feature_selection__strategy': 'pca', 'feature_extraction__params': ('tsfel', {'config_file': 'tsfel_config.json'}), 'feature_extraction__n_lags': 8, 'classifier__base_estimator__n_estimators': 200, 'classifier__base_estimator__max_depth': 11}",0.4964934762348555,0.545652978172401,0.4601524926686217,0.5259160181582361,0.4887372351210345,0.5033904400710297,0.029750053499011234,88,0.9779365561974258,0.9571828373387136,0.9473096857305491,0.9213479106750126,0.9190740431221794,0.9445702066127761,0.022222627502754614
57.8809636592865,27.050977929360254,19.27363348007202,0.19667517124779438,"('ffill', None)",0.85,pca,"('tsfel', {'config_file': 'tsfel_config.json'})",3,400,3,"{'imputation__params': ('ffill', None), 'feature_selection__threshold': 0.85, 'feature_selection__strategy': 'pca', 'feature_extraction__params': ('tsfel', {'config_file': 'tsfel_config.json'}), 'feature_extraction__n_lags': 3, 'classifier__base_estimator__n_estimators': 400, 'classifier__base_estimator__max_depth': 3}",0.5973927331349207,0.589668420613046,0.4935792778649921,0.5163841807909605,0.49782853230302737,0.5389706289413894,0.04526942201348634,55,0.9519622072341274,0.9079261732517158,0.8890968607642539,0.8662292771002905,0.8552697462950274,0.8940968529290829,0.03420174043299106
57.72914867401123,27.209689840869068,19.37956166267395,0.23726657717066618,"('interpolate', 'linear')",0.95,pca,"('tsfel', {'config_file': 'tsfel_config.json'})",3,300,11,"{'imputation__params': ('interpolate', 'linear'), 'feature_selection__threshold': 0.95, 'feature_selection__strategy': 'pca', 'feature_extraction__params': ('tsfel', {'config_file': 'tsfel_config.json'}), 'feature_extraction__n_lags': 3, 'classifier__base_estimator__n_estimators': 300, 'classifier__base_estimator__max_depth': 11}",0.6237444196428571,0.5776580639772823,0.49254317111459966,0.5252055714045981,0.4720937056780946,0.5382489863634864,0.05567444277927818,59,0.9612254190500584,0.9392116490447042,0.9172747707323743,0.9047485251378308,0.8985672807437675,0.924205528941747,0.023149885879716253
58.19017276763916,27.410157289403575,19.444093465805054,0.42169337791791267,"('interpolate', 'linear')",0.85,correlation,"('tsfel', {'config_file': 'tsfel_config.json'})",3,200,3,"{'imputation__params': ('interpolate', 'linear'), 'feature_selection__threshold': 0.85, 'feature_selection__strategy': 'correlation', 'feature_extraction__params': ('tsfel', {'config_file': 'tsfel_config.json'}), 'feature_extraction__n_lags': 3, 'classifier__base_estimator__n_estimators': 200, 'classifier__base_estimator__max_depth': 3}",0.5470377604166666,0.5040006681700493,0.6356043956043956,0.627073893830061,0.6122658580720888,0.5851965152186522,0.051139563378741835,40,0.9999715415919633,0.9976627712854758,0.9921745596266762,0.9847241935328139,0.9719345605708878,0.9892935253215633,0.010144723932700198
47.65779633522034,22.6887862944801,16.223331928253174,0.523614284889678,"('interpolate', ('polynomial', 3))",0.85,pca,"('tsfel', {'config_file': 'tsfel_config.json'})",8,100,11,"{'imputation__params': ('interpolate', ('polynomial', 3)), 'feature_selection__threshold': 0.85, 'feature_selection__strategy': 'pca', 'feature_extraction__params': ('tsfel', {'config_file': 'tsfel_config.json'}), 'feature_extraction__n_lags': 8, 'classifier__base_estimator__n_estimators': 100, 'classifier__base_estimator__max_depth': 11}",0.5010368126747438,0.511012455296584,0.4799296187683284,0.4993839169909209,0.46323220334792164,0.4909190014156997,0.01711781006699601,99,0.9749569271308403,0.9487029293241565,0.9350177756473631,0.9065739017650707,0.9031998997158617,0.9336902867166584,0.026814321950390775
58.50226755142212,27.45100550601484,19.579666805267333,0.23115830007499408,"('interpolate', ('spline', 2))",0.99,correlation,"('tsfel', {'config_file': 'tsfel_config.json'})",3,100,3,"{'imputation__params': ('interpolate', ('spline', 2)), 'feature_selection__threshold': 0.99, 'feature_selection__strategy': 'correlation', 'feature_extraction__params': ('tsfel', {'config_file': 'tsfel_config.json'}), 'feature_extraction__n_lags': 3, 'classifier__base_estimator__n_estimators': 100, 'classifier__base_estimator__max_depth': 3}",0.5513160342261905,0.558431470809321,0.6545839874411303,0.6460256195111037,0.6249523157431408,0.6070618855461773,0.043747245404722364,20,0.9968695751159681,0.9770914487108142,0.9657701084587575,0.9550652222190038,0.9254009757707282,0.9640394660550544,0.023768194795600682
49.01795644760132,23.324613005520103,16.259902572631837,0.5741700667727441,"('interpolate', ('spline', 3))",0.85,correlation,"('tsfel', {'config_file': 'tsfel_config.json'})",8,300,11,"{'imputation__params': ('interpolate', ('spline', 3)), 'feature_selection__threshold': 0.85, 'feature_selection__strategy': 'correlation', 'feature_extraction__params': ('tsfel', {'config_file': 'tsfel_config.json'}), 'feature_extraction__n_lags': 8, 'classifier__base_estimator__n_estimators': 300, 'classifier__base_estimator__max_depth': 11}",0.6313140726933831,0.5593044765075841,0.5288445747800586,0.6299610894941634,0.6030957149568528,0.5905039856864084,0.04038853850970742,36,1.0,1.0,1.0,1.0,1.0,1.0,0.0
48.270658588409425,22.59046989758268,16.427416563034058,0.3889346715683695,"('interpolate', ('spline', 2))",0.85,pca,"('tsfel', {'config_file': 'tsfel_config.json'})",8,400,11,"{'imputation__params': ('interpolate', ('spline', 2)), 'feature_selection__threshold': 0.85, 'feature_selection__strategy': 'pca', 'feature_extraction__params': ('tsfel', {'config_file': 'tsfel_config.json'}), 'feature_extraction__n_lags': 8, 'classifier__base_estimator__n_estimators': 400, 'classifier__base_estimator__max_depth': 11}",0.4749417520969245,0.5461709211986682,0.46028152492668617,0.5265239948119326,0.4924276141730336,0.500069161441449,0.0319313840158112,90,0.9784635654200871,0.9609143222853176,0.9516237754276642,0.9300040884227148,0.9288191542704329,0.9499649811652432,0.018870040848091626
54.56397905349731,25.912213534290956,18.101930952072145,0.3410780538999176,"('interpolate', ('spline', 3))",0.9,correlation,"('tsfel', {'config_file': 'tsfel_config.json'})",5,50,11,"{'imputation__params': ('interpolate', ('spline', 3)), 'feature_selection__threshold': 0.9, 'feature_selection__strategy': 'correlation', 'feature_extraction__params': ('tsfel', {'config_file': 'tsfel_config.json'}), 'feature_extraction__n_lags': 5, 'classifier__base_estimator__n_estimators': 50, 'classifier__base_estimator__max_depth': 11}",0.6004551074161006,0.5845977011494252,0.6278653040948122,0.6607346684652899,0.6389614218328842,0.6225228405917025,0.027144847423300793,7,1.0,1.0,0.999992126712686,0.9998093298329377,0.9986663882563371,0.9996935689603921,0.0005187364405785494
57.8365339756012,27.090833782032984,19.430805587768553,0.24211504691222924,"('ffill', None)",0.85,pca,"('tsfel', {'config_file': 'tsfel_config.json'})",3,200,9,"{'imputation__params': ('ffill', None), 'feature_selection__threshold': 0.85, 'feature_selection__strategy': 'pca', 'feature_extraction__params': ('tsfel', {'config_file': 'tsfel_config.json'}), 'feature_extraction__n_lags': 3, 'classifier__base_estimator__n_estimators': 200, 'classifier__base_estimator__max_depth': 9}",0.6214890252976191,0.5673849494696401,0.5001255886970173,0.5286737148291101,0.481068127353646,0.5397482811294065,0.05016233430692699,53,0.9603716668089586,0.9363680207753664,0.9130483833747852,0.8996881306182352,0.8915013646582167,0.9201955132471124,0.02518198437660221
47.958529996871945,22.78241343838623,16.378187799453734,0.5239551581962317,"('ffill', None)",0.95,pca,"('tsfel', {'config_file': 'tsfel_config.json'})",8,300,3,"{'imputation__params': ('ffill', None), 'feature_selection__threshold': 0.95, 'feature_selection__strategy': 'pca', 'feature_extraction__params': ('tsfel', {'config_file': 'tsfel_config.json'}), 'feature_extraction__n_lags': 8, 'classifier__base_estimator__n_estimators': 300, 'classifier__base_estimator__max_depth': 3}",0.4957828518173346,0.4918238993710691,0.49596480938416415,0.5080090791180285,0.5422137329080434,0.506758874519728,0.01853994818805286,86,0.964183642444512,0.9241174333024185,0.9036045617504019,0.8734076298426663,0.8650350994484372,0.9060696733576872,0.035943503334467206
54.264147710800174,25.43623083427246,17.987761878967284,0.2191397991503401,"('interpolate', 'linear')",0.85,correlation,"('tsfel', {'config_file': 'tsfel_config.json'})",5,50,7,"{'imputation__params': ('interpolate', 'linear'), 'feature_selection__threshold': 0.85, 'feature_selection__strategy': 'correlation', 'feature_extraction__params': ('tsfel', {'config_file': 'tsfel_config.json'}), 'feature_extraction__n_lags': 5, 'classifier__base_estimator__n_estimators': 50, 'classifier__base_estimator__max_depth': 7}",0.6111519234559495,0.5562260536398467,0.6281491732311405,0.6455458130123483,0.6468476246630728,0.6175841176004715,0.03333471101088943,10,1.0,0.9998928151876592,0.9994902046464206,0.9985473798833054,0.996330105349418,0.9988521010133606,0.0013609740202285506
59.33095211982727,28.142702147373935,19.43186068534851,0.19318469550581321,"('interpolate', 'linear')",0.9,correlation,"('tsfel', {'config_file': 'tsfel_config.json'})",3,200,11,"{'imputation__params': ('interpolate', 'linear'), 'feature_selection__threshold': 0.9, 'feature_selection__strategy': 'correlation', 'feature_extraction__params': ('tsfel', {'config_file': 'tsfel_config.json'}), 'feature_extraction__n_lags': 3, 'classifier__base_estimator__n_estimators': 200, 'classifier__base_estimator__max_depth': 11}",0.5360243055555555,0.564954480915393,0.656436420722135,0.6286289645913744,0.6138308798356726,0.5999750103240261,0.04362809920147284,25,1.0,1.0,1.0,1.0,1.0,1.0,0.0
57.85505175590515,27.015338221237357,19.495850372314454,0.23104011700550514,"('interpolate', ('spline', 3))",0.85,pca,"('tsfel', {'config_file': 'tsfel_config.json'})",3,400,3,"{'imputation__params': ('interpolate', ('spline', 3)), 'feature_selection__threshold': 0.85, 'feature_selection__strategy': 'pca', 'feature_extraction__params': ('tsfel', {'config_file': 'tsfel_config.json'}), 'feature_extraction__n_lags': 3, 'classifier__base_estimator__n_estimators': 400, 'classifier__base_estimator__max_depth': 3}",0.5973927331349207,0.589668420613046,0.4935792778649921,0.5163841807909605,0.49782853230302737,0.5389706289413894,0.04526942201348634,55,0.9519622072341274,0.9079261732517158,0.8890968607642539,0.8662292771002905,0.8552697462950274,0.8940968529290829,0.03420174043299106
47.96638717651367,22.86934462120755,16.324219226837158,0.5571908983148384,"('ffill', None)",0.95,pca,"('tsfel', {'config_file': 'tsfel_config.json'})",8,100,7,"{'imputation__params': ('ffill', None), 'feature_selection__threshold': 0.95, 'feature_selection__strategy': 'pca', 'feature_extraction__params': ('tsfel', {'config_file': 'tsfel_config.json'}), 'feature_extraction__n_lags': 8, 'classifier__base_estimator__n_estimators': 100, 'classifier__base_estimator__max_depth': 7}",0.4984972041006525,0.49393266740658526,0.49207038123167157,0.5210603112840467,0.48085577232153887,0.49728326726889893,0.013229397229275115,95,0.9647714604236344,0.940618949218178,0.9248254890799604,0.89738481926352,0.8904575463814141,0.9236116528733413,0.027465952972180168
56.347414875030516,24.960625598798515,18.20573720932007,1.015166369704448,"('interpolate', ('polynomial', 3))",0.85,pca,"('tsfel', {'config_file': 'tsfel_config.json'})",3,400,7,"{'imputation__params': ('interpolate', ('polynomial', 3)), 'feature_selection__threshold': 0.85, 'feature_selection__strategy': 'pca', 'feature_extraction__params': ('tsfel', {'config_file': 'tsfel_config.json'}), 'feature_extraction__n_lags': 3, 'classifier__base_estimator__n_estimators': 400, 'classifier__base_estimator__max_depth': 7}",0.6125217013888888,0.592407917815084,0.5004238618524333,0.5440566090507356,0.47209370567809456,0.5443007591570473,0.053117786045007886,48,0.9604001252169954,0.9386737154516787,0.9166371802432416,0.9029960702526818,0.8972347051719516,0.9231883592673098,0.023446749985480336
