iter,n_resources,mean_fit_time,std_fit_time,mean_score_time,std_score_time,param_imputation__params,param_feature_selection__threshold,param_feature_selection__strategy,param_feature_extraction__params,param_feature_extraction__n_lags,param_classifier__base_estimator__n_estimators,param_classifier__base_estimator__max_depth,params,split0_test_score,split1_test_score,split2_test_score,split3_test_score,split4_test_score,mean_test_score,std_test_score,rank_test_score,split0_train_score,split1_train_score,split2_train_score,split3_train_score,split4_train_score,mean_train_score,std_train_score
0,57,0.05771174430847168,0.06445488727485975,0.006228113174438476,0.012456226348876952,"('interpolate', ('polynomial', 2))",0.95,pca,"('pycatch22', {})",3,100,7,"{'imputation__params': ('interpolate', ('polynomial', 2)), 'feature_selection__threshold': 0.95, 'feature_selection__strategy': 'pca', 'feature_extraction__params': ('pycatch22', {}), 'feature_extraction__n_lags': 3, 'classifier__base_estimator__n_estimators': 100, 'classifier__base_estimator__max_depth': 7}",,,,,,,,12,,,,,,,
0,57,0.022052192687988283,0.007986067208920197,0.0,0.0,"('interpolate', ('polynomial', 2))",0.85,pca,"('pycatch22', {})",5,25,3,"{'imputation__params': ('interpolate', ('polynomial', 2)), 'feature_selection__threshold': 0.85, 'feature_selection__strategy': 'pca', 'feature_extraction__params': ('pycatch22', {}), 'feature_extraction__n_lags': 5, 'classifier__base_estimator__n_estimators': 25, 'classifier__base_estimator__max_depth': 3}",,,,,,,,12,,,,,,,
0,57,0.018957996368408205,0.0044452052439295535,0.0,0.0,"('ffill', None)",0.85,pca,"('pycatch22', {})",8,50,7,"{'imputation__params': ('ffill', None), 'feature_selection__threshold': 0.85, 'feature_selection__strategy': 'pca', 'feature_extraction__params': ('pycatch22', {}), 'feature_extraction__n_lags': 8, 'classifier__base_estimator__n_estimators': 50, 'classifier__base_estimator__max_depth': 7}",,,,,,,,12,,,,,,,
0,57,0.05657801628112793,0.06760079747277144,0.004038000106811523,0.008076000213623044,"('interpolate', ('polynomial', 2))",0.9,pca,"('pycatch22', {})",3,100,5,"{'imputation__params': ('interpolate', ('polynomial', 2)), 'feature_selection__threshold': 0.9, 'feature_selection__strategy': 'pca', 'feature_extraction__params': ('pycatch22', {}), 'feature_extraction__n_lags': 3, 'classifier__base_estimator__n_estimators': 100, 'classifier__base_estimator__max_depth': 5}",,,,,,,,12,,,,,,,
0,57,0.07672514915466308,0.07040215152813208,0.0042075634002685545,0.008415126800537109,"('interpolate', ('spline', 3))",0.85,pca,"('pycatch22', {})",3,50,5,"{'imputation__params': ('interpolate', ('spline', 3)), 'feature_selection__threshold': 0.85, 'feature_selection__strategy': 'pca', 'feature_extraction__params': ('pycatch22', {}), 'feature_extraction__n_lags': 3, 'classifier__base_estimator__n_estimators': 50, 'classifier__base_estimator__max_depth': 5}",,,,,,,,12,,,,,,,
0,57,0.03546099662780762,0.007526030492234947,0.0,0.0,"('interpolate', ('polynomial', 2))",0.85,correlation,"('pycatch22', {})",5,25,5,"{'imputation__params': ('interpolate', ('polynomial', 2)), 'feature_selection__threshold': 0.85, 'feature_selection__strategy': 'correlation', 'feature_extraction__params': ('pycatch22', {}), 'feature_extraction__n_lags': 5, 'classifier__base_estimator__n_estimators': 25, 'classifier__base_estimator__max_depth': 5}",,,,,,,,12,,,,,,,
0,57,0.030776596069335936,0.009345697359585974,0.0,0.0,"('interpolate', ('polynomial', 3))",0.85,pca,"('pycatch22', {})",8,50,5,"{'imputation__params': ('interpolate', ('polynomial', 3)), 'feature_selection__threshold': 0.85, 'feature_selection__strategy': 'pca', 'feature_extraction__params': ('pycatch22', {}), 'feature_extraction__n_lags': 8, 'classifier__base_estimator__n_estimators': 50, 'classifier__base_estimator__max_depth': 5}",,,,,,,,12,,,,,,,
0,57,0.03460288047790527,0.010601273443595332,0.0,0.0,"('interpolate', 'linear')",0.85,correlation,"('pycatch22', {})",5,25,7,"{'imputation__params': ('interpolate', 'linear'), 'feature_selection__threshold': 0.85, 'feature_selection__strategy': 'correlation', 'feature_extraction__params': ('pycatch22', {}), 'feature_extraction__n_lags': 5, 'classifier__base_estimator__n_estimators': 25, 'classifier__base_estimator__max_depth': 7}",,,,,,,,12,,,,,,,
0,57,0.07717337608337402,0.07740065386179548,0.005634784698486328,0.011269569396972656,"('ffill', None)",0.9,correlation,"('pycatch22', {})",3,50,3,"{'imputation__params': ('ffill', None), 'feature_selection__threshold': 0.9, 'feature_selection__strategy': 'correlation', 'feature_extraction__params': ('pycatch22', {}), 'feature_extraction__n_lags': 3, 'classifier__base_estimator__n_estimators': 50, 'classifier__base_estimator__max_depth': 3}",,,,,,,,12,,,,,,,
0,57,0.022782087326049805,0.005844434314837057,0.0,0.0,"('interpolate', ('polynomial', 3))",0.85,pca,"('pycatch22', {})",5,100,7,"{'imputation__params': ('interpolate', ('polynomial', 3)), 'feature_selection__threshold': 0.85, 'feature_selection__strategy': 'pca', 'feature_extraction__params': ('pycatch22', {}), 'feature_extraction__n_lags': 5, 'classifier__base_estimator__n_estimators': 100, 'classifier__base_estimator__max_depth': 7}",,,,,,,,12,,,,,,,
0,57,0.017782831192016603,0.0044103018941488185,0.0,0.0,"('interpolate', ('spline', 2))",0.9,correlation,"('pycatch22', {})",8,100,3,"{'imputation__params': ('interpolate', ('spline', 2)), 'feature_selection__threshold': 0.9, 'feature_selection__strategy': 'correlation', 'feature_extraction__params': ('pycatch22', {}), 'feature_extraction__n_lags': 8, 'classifier__base_estimator__n_estimators': 100, 'classifier__base_estimator__max_depth': 3}",,,,,,,,12,,,,,,,
0,57,0.020169496536254883,0.006362640306818919,0.0,0.0,"('interpolate', ('polynomial', 2))",0.95,correlation,"('pycatch22', {})",8,50,5,"{'imputation__params': ('interpolate', ('polynomial', 2)), 'feature_selection__threshold': 0.95, 'feature_selection__strategy': 'correlation', 'feature_extraction__params': ('pycatch22', {}), 'feature_extraction__n_lags': 8, 'classifier__base_estimator__n_estimators': 50, 'classifier__base_estimator__max_depth': 5}",,,,,,,,12,,,,,,,
0,57,0.06955790519714355,0.09281699720566164,0.004037046432495117,0.008074092864990234,"('interpolate', ('polynomial', 3))",0.95,correlation,"('pycatch22', {})",3,100,5,"{'imputation__params': ('interpolate', ('polynomial', 3)), 'feature_selection__threshold': 0.95, 'feature_selection__strategy': 'correlation', 'feature_extraction__params': ('pycatch22', {}), 'feature_extraction__n_lags': 3, 'classifier__base_estimator__n_estimators': 100, 'classifier__base_estimator__max_depth': 5}",,,,,,,,12,,,,,,,
0,57,0.0581669807434082,0.04623528454304298,0.004042291641235351,0.008084583282470702,"('interpolate', 'linear')",0.9,correlation,"('pycatch22', {})",3,25,7,"{'imputation__params': ('interpolate', 'linear'), 'feature_selection__threshold': 0.9, 'feature_selection__strategy': 'correlation', 'feature_extraction__params': ('pycatch22', {}), 'feature_extraction__n_lags': 3, 'classifier__base_estimator__n_estimators': 25, 'classifier__base_estimator__max_depth': 7}",,,,,,,,12,,,,,,,
0,57,0.024575567245483397,0.003911602835968958,0.0,0.0,"('interpolate', ('spline', 2))",0.9,correlation,"('pycatch22', {})",8,25,3,"{'imputation__params': ('interpolate', ('spline', 2)), 'feature_selection__threshold': 0.9, 'feature_selection__strategy': 'correlation', 'feature_extraction__params': ('pycatch22', {}), 'feature_extraction__n_lags': 8, 'classifier__base_estimator__n_estimators': 25, 'classifier__base_estimator__max_depth': 3}",,,,,,,,12,,,,,,,
0,57,0.07081189155578613,0.06850469464087273,0.004740858078002929,0.009481716156005859,"('interpolate', ('polynomial', 2))",0.9,correlation,"('pycatch22', {})",3,25,3,"{'imputation__params': ('interpolate', ('polynomial', 2)), 'feature_selection__threshold': 0.9, 'feature_selection__strategy': 'correlation', 'feature_extraction__params': ('pycatch22', {}), 'feature_extraction__n_lags': 3, 'classifier__base_estimator__n_estimators': 25, 'classifier__base_estimator__max_depth': 3}",,,,,,,,12,,,,,,,
0,57,0.03219022750854492,0.008190103073703783,0.0,0.0,"('ffill', None)",0.9,correlation,"('pycatch22', {})",5,100,5,"{'imputation__params': ('ffill', None), 'feature_selection__threshold': 0.9, 'feature_selection__strategy': 'correlation', 'feature_extraction__params': ('pycatch22', {}), 'feature_extraction__n_lags': 5, 'classifier__base_estimator__n_estimators': 100, 'classifier__base_estimator__max_depth': 5}",,,,,,,,12,,,,,,,
0,57,0.03390316963195801,0.007150296701799899,0.0,0.0,"('interpolate', ('spline', 3))",0.9,correlation,"('pycatch22', {})",5,50,5,"{'imputation__params': ('interpolate', ('spline', 3)), 'feature_selection__threshold': 0.9, 'feature_selection__strategy': 'correlation', 'feature_extraction__params': ('pycatch22', {}), 'feature_extraction__n_lags': 5, 'classifier__base_estimator__n_estimators': 50, 'classifier__base_estimator__max_depth': 5}",,,,,,,,12,,,,,,,
0,57,0.029568862915039063,0.007880596697125864,0.0,0.0,"('ffill', None)",0.95,pca,"('pycatch22', {})",8,100,7,"{'imputation__params': ('ffill', None), 'feature_selection__threshold': 0.95, 'feature_selection__strategy': 'pca', 'feature_extraction__params': ('pycatch22', {}), 'feature_extraction__n_lags': 8, 'classifier__base_estimator__n_estimators': 100, 'classifier__base_estimator__max_depth': 7}",,,,,,,,12,,,,,,,
0,57,0.028441190719604492,0.004254361242175348,0.0,0.0,"('interpolate', 'linear')",0.9,pca,"('pycatch22', {})",5,25,5,"{'imputation__params': ('interpolate', 'linear'), 'feature_selection__threshold': 0.9, 'feature_selection__strategy': 'pca', 'feature_extraction__params': ('pycatch22', {}), 'feature_extraction__n_lags': 5, 'classifier__base_estimator__n_estimators': 25, 'classifier__base_estimator__max_depth': 5}",,,,,,,,12,,,,,,,
0,57,0.06255154609680176,0.04493325224472563,0.0040395259857177734,0.008079051971435547,"('interpolate', ('spline', 3))",0.95,correlation,"('pycatch22', {})",3,50,5,"{'imputation__params': ('interpolate', ('spline', 3)), 'feature_selection__threshold': 0.95, 'feature_selection__strategy': 'correlation', 'feature_extraction__params': ('pycatch22', {}), 'feature_extraction__n_lags': 3, 'classifier__base_estimator__n_estimators': 50, 'classifier__base_estimator__max_depth': 5}",,,,,,,,12,,,,,,,
0,57,0.057428407669067386,0.03738413569876672,0.004208946228027343,0.008417892456054687,"('interpolate', ('spline', 3))",0.85,correlation,"('pycatch22', {})",3,25,7,"{'imputation__params': ('interpolate', ('spline', 3)), 'feature_selection__threshold': 0.85, 'feature_selection__strategy': 'correlation', 'feature_extraction__params': ('pycatch22', {}), 'feature_extraction__n_lags': 3, 'classifier__base_estimator__n_estimators': 25, 'classifier__base_estimator__max_depth': 7}",,,,,,,,12,,,,,,,
0,57,0.023312091827392578,0.006439530626027775,0.0,0.0,"('interpolate', ('polynomial', 2))",0.85,pca,"('pycatch22', {})",5,50,5,"{'imputation__params': ('interpolate', ('polynomial', 2)), 'feature_selection__threshold': 0.85, 'feature_selection__strategy': 'pca', 'feature_extraction__params': ('pycatch22', {}), 'feature_extraction__n_lags': 5, 'classifier__base_estimator__n_estimators': 50, 'classifier__base_estimator__max_depth': 5}",,,,,,,,12,,,,,,,
0,57,0.02751460075378418,0.005783378615357839,0.0,0.0,"('interpolate', ('polynomial', 3))",0.95,correlation,"('pycatch22', {})",8,100,7,"{'imputation__params': ('interpolate', ('polynomial', 3)), 'feature_selection__threshold': 0.95, 'feature_selection__strategy': 'correlation', 'feature_extraction__params': ('pycatch22', {}), 'feature_extraction__n_lags': 8, 'classifier__base_estimator__n_estimators': 100, 'classifier__base_estimator__max_depth': 7}",,,,,,,,12,,,,,,,
0,57,0.06334123611450196,0.0633143414004505,0.0052433967590332035,0.010486793518066407,"('interpolate', ('spline', 3))",0.85,correlation,"('pycatch22', {})",3,50,5,"{'imputation__params': ('interpolate', ('spline', 3)), 'feature_selection__threshold': 0.85, 'feature_selection__strategy': 'correlation', 'feature_extraction__params': ('pycatch22', {}), 'feature_extraction__n_lags': 3, 'classifier__base_estimator__n_estimators': 50, 'classifier__base_estimator__max_depth': 5}",,,,,,,,12,,,,,,,
0,57,0.06380767822265625,0.07092380441649414,0.0038125038146972655,0.007625007629394532,"('interpolate', ('polynomial', 3))",0.85,correlation,"('pycatch22', {})",3,25,7,"{'imputation__params': ('interpolate', ('polynomial', 3)), 'feature_selection__threshold': 0.85, 'feature_selection__strategy': 'correlation', 'feature_extraction__params': ('pycatch22', {}), 'feature_extraction__n_lags': 3, 'classifier__base_estimator__n_estimators': 25, 'classifier__base_estimator__max_depth': 7}",,,,,,,,12,,,,,,,
0,57,0.027232837677001954,0.0034034157564128598,0.0,0.0,"('interpolate', ('polynomial', 3))",0.9,pca,"('pycatch22', {})",5,100,5,"{'imputation__params': ('interpolate', ('polynomial', 3)), 'feature_selection__threshold': 0.9, 'feature_selection__strategy': 'pca', 'feature_extraction__params': ('pycatch22', {}), 'feature_extraction__n_lags': 5, 'classifier__base_estimator__n_estimators': 100, 'classifier__base_estimator__max_depth': 5}",,,,,,,,12,,,,,,,
0,57,0.03692460060119629,0.007055890187542433,0.0,0.0,"('interpolate', ('polynomial', 3))",0.95,correlation,"('pycatch22', {})",5,50,3,"{'imputation__params': ('interpolate', ('polynomial', 3)), 'feature_selection__threshold': 0.95, 'feature_selection__strategy': 'correlation', 'feature_extraction__params': ('pycatch22', {}), 'feature_extraction__n_lags': 5, 'classifier__base_estimator__n_estimators': 50, 'classifier__base_estimator__max_depth': 3}",,,,,,,,12,,,,,,,
0,57,0.05065927505493164,0.04283534533960902,0.004254341125488281,0.008508682250976562,"('interpolate', ('polynomial', 3))",0.85,correlation,"('pycatch22', {})",3,25,5,"{'imputation__params': ('interpolate', ('polynomial', 3)), 'feature_selection__threshold': 0.85, 'feature_selection__strategy': 'correlation', 'feature_extraction__params': ('pycatch22', {}), 'feature_extraction__n_lags': 3, 'classifier__base_estimator__n_estimators': 25, 'classifier__base_estimator__max_depth': 5}",,,,,,,,12,,,,,,,
0,57,0.05456442832946777,0.04727266427292777,0.003036785125732422,0.006073570251464845,"('interpolate', ('polynomial', 2))",0.95,correlation,"('pycatch22', {})",3,100,7,"{'imputation__params': ('interpolate', ('polynomial', 2)), 'feature_selection__threshold': 0.95, 'feature_selection__strategy': 'correlation', 'feature_extraction__params': ('pycatch22', {}), 'feature_extraction__n_lags': 3, 'classifier__base_estimator__n_estimators': 100, 'classifier__base_estimator__max_depth': 7}",,,,,,,,12,,,,,,,
0,57,0.0545405387878418,0.050163302276875904,0.0037323951721191405,0.007464790344238282,"('ffill', None)",0.9,correlation,"('pycatch22', {})",3,100,3,"{'imputation__params': ('ffill', None), 'feature_selection__threshold': 0.9, 'feature_selection__strategy': 'correlation', 'feature_extraction__params': ('pycatch22', {}), 'feature_extraction__n_lags': 3, 'classifier__base_estimator__n_estimators': 100, 'classifier__base_estimator__max_depth': 3}",,,,,,,,12,,,,,,,
0,57,0.02152848243713379,0.007344545410718318,0.0,0.0,"('interpolate', ('polynomial', 2))",0.85,correlation,"('pycatch22', {})",5,100,7,"{'imputation__params': ('interpolate', ('polynomial', 2)), 'feature_selection__threshold': 0.85, 'feature_selection__strategy': 'correlation', 'feature_extraction__params': ('pycatch22', {}), 'feature_extraction__n_lags': 5, 'classifier__base_estimator__n_estimators': 100, 'classifier__base_estimator__max_depth': 7}",,,,,,,,12,,,,,,,
0,57,0.02775568962097168,0.006333031409699956,0.0,0.0,"('interpolate', ('spline', 2))",0.95,correlation,"('pycatch22', {})",5,100,3,"{'imputation__params': ('interpolate', ('spline', 2)), 'feature_selection__threshold': 0.95, 'feature_selection__strategy': 'correlation', 'feature_extraction__params': ('pycatch22', {}), 'feature_extraction__n_lags': 5, 'classifier__base_estimator__n_estimators': 100, 'classifier__base_estimator__max_depth': 3}",,,,,,,,12,,,,,,,
0,57,0.03161168098449707,0.0077406734041099365,0.0,0.0,"('interpolate', 'linear')",0.9,pca,"('pycatch22', {})",8,50,7,"{'imputation__params': ('interpolate', 'linear'), 'feature_selection__threshold': 0.9, 'feature_selection__strategy': 'pca', 'feature_extraction__params': ('pycatch22', {}), 'feature_extraction__n_lags': 8, 'classifier__base_estimator__n_estimators': 50, 'classifier__base_estimator__max_depth': 7}",,,,,,,,12,,,,,,,
0,57,0.02550473213195801,0.004669081566010628,0.0,0.0,"('interpolate', ('polynomial', 3))",0.85,correlation,"('pycatch22', {})",8,25,7,"{'imputation__params': ('interpolate', ('polynomial', 3)), 'feature_selection__threshold': 0.85, 'feature_selection__strategy': 'correlation', 'feature_extraction__params': ('pycatch22', {}), 'feature_extraction__n_lags': 8, 'classifier__base_estimator__n_estimators': 25, 'classifier__base_estimator__max_depth': 7}",,,,,,,,12,,,,,,,
0,57,0.06075825691223145,0.056464532779155634,0.0046160221099853516,0.009232044219970703,"('interpolate', 'linear')",0.85,correlation,"('pycatch22', {})",3,100,5,"{'imputation__params': ('interpolate', 'linear'), 'feature_selection__threshold': 0.85, 'feature_selection__strategy': 'correlation', 'feature_extraction__params': ('pycatch22', {}), 'feature_extraction__n_lags': 3, 'classifier__base_estimator__n_estimators': 100, 'classifier__base_estimator__max_depth': 5}",,,,,,,,12,,,,,,,
0,57,0.06128373146057129,0.06604109611869327,0.006258487701416016,0.012516975402832031,"('interpolate', ('spline', 2))",0.85,correlation,"('pycatch22', {})",3,50,7,"{'imputation__params': ('interpolate', ('spline', 2)), 'feature_selection__threshold': 0.85, 'feature_selection__strategy': 'correlation', 'feature_extraction__params': ('pycatch22', {}), 'feature_extraction__n_lags': 3, 'classifier__base_estimator__n_estimators': 50, 'classifier__base_estimator__max_depth': 7}",,,,,,,,12,,,,,,,
0,57,0.023825454711914062,0.010811820229988903,0.0,0.0,"('interpolate', ('polynomial', 2))",0.9,pca,"('pycatch22', {})",8,25,3,"{'imputation__params': ('interpolate', ('polynomial', 2)), 'feature_selection__threshold': 0.9, 'feature_selection__strategy': 'pca', 'feature_extraction__params': ('pycatch22', {}), 'feature_extraction__n_lags': 8, 'classifier__base_estimator__n_estimators': 25, 'classifier__base_estimator__max_depth': 3}",,,,,,,,12,,,,,,,
0,57,0.02794513702392578,0.007085459706443089,0.0,0.0,"('interpolate', ('polynomial', 2))",0.85,correlation,"('pycatch22', {})",8,25,7,"{'imputation__params': ('interpolate', ('polynomial', 2)), 'feature_selection__threshold': 0.85, 'feature_selection__strategy': 'correlation', 'feature_extraction__params': ('pycatch22', {}), 'feature_extraction__n_lags': 8, 'classifier__base_estimator__n_estimators': 25, 'classifier__base_estimator__max_depth': 7}",,,,,,,,12,,,,,,,
0,57,0.034649991989135744,0.009302159592759027,0.0,0.0,"('interpolate', 'linear')",0.95,correlation,"('pycatch22', {})",5,100,3,"{'imputation__params': ('interpolate', 'linear'), 'feature_selection__threshold': 0.95, 'feature_selection__strategy': 'correlation', 'feature_extraction__params': ('pycatch22', {}), 'feature_extraction__n_lags': 5, 'classifier__base_estimator__n_estimators': 100, 'classifier__base_estimator__max_depth': 3}",,,,,,,,12,,,,,,,
0,57,0.02869877815246582,0.005851074778910151,0.0,0.0,"('interpolate', 'linear')",0.95,correlation,"('pycatch22', {})",8,50,7,"{'imputation__params': ('interpolate', 'linear'), 'feature_selection__threshold': 0.95, 'feature_selection__strategy': 'correlation', 'feature_extraction__params': ('pycatch22', {}), 'feature_extraction__n_lags': 8, 'classifier__base_estimator__n_estimators': 50, 'classifier__base_estimator__max_depth': 7}",,,,,,,,12,,,,,,,
0,57,0.040792655944824216,0.020808027555283035,0.004037332534790039,0.008074665069580078,"('ffill', None)",0.9,pca,"('pycatch22', {})",3,25,7,"{'imputation__params': ('ffill', None), 'feature_selection__threshold': 0.9, 'feature_selection__strategy': 'pca', 'feature_extraction__params': ('pycatch22', {}), 'feature_extraction__n_lags': 3, 'classifier__base_estimator__n_estimators': 25, 'classifier__base_estimator__max_depth': 7}",,,,,,,,12,,,,,,,
0,57,0.03211565017700195,0.0032416751174484475,0.0,0.0,"('interpolate', ('spline', 2))",0.85,correlation,"('pycatch22', {})",8,25,5,"{'imputation__params': ('interpolate', ('spline', 2)), 'feature_selection__threshold': 0.85, 'feature_selection__strategy': 'correlation', 'feature_extraction__params': ('pycatch22', {}), 'feature_extraction__n_lags': 8, 'classifier__base_estimator__n_estimators': 25, 'classifier__base_estimator__max_depth': 5}",,,,,,,,12,,,,,,,
0,57,0.06374177932739258,0.06045585828938374,0.006060981750488281,0.01212196350097656,"('interpolate', ('polynomial', 2))",0.95,correlation,"('pycatch22', {})",3,100,3,"{'imputation__params': ('interpolate', ('polynomial', 2)), 'feature_selection__threshold': 0.95, 'feature_selection__strategy': 'correlation', 'feature_extraction__params': ('pycatch22', {}), 'feature_extraction__n_lags': 3, 'classifier__base_estimator__n_estimators': 100, 'classifier__base_estimator__max_depth': 3}",,,,,,,,12,,,,,,,
0,57,0.025135278701782227,0.007794441608316245,0.0,0.0,"('interpolate', ('spline', 3))",0.95,pca,"('pycatch22', {})",8,100,5,"{'imputation__params': ('interpolate', ('spline', 3)), 'feature_selection__threshold': 0.95, 'feature_selection__strategy': 'pca', 'feature_extraction__params': ('pycatch22', {}), 'feature_extraction__n_lags': 8, 'classifier__base_estimator__n_estimators': 100, 'classifier__base_estimator__max_depth': 5}",,,,,,,,12,,,,,,,
0,57,0.02879300117492676,0.00654536807814796,0.0,0.0,"('ffill', None)",0.9,pca,"('pycatch22', {})",8,50,5,"{'imputation__params': ('ffill', None), 'feature_selection__threshold': 0.9, 'feature_selection__strategy': 'pca', 'feature_extraction__params': ('pycatch22', {}), 'feature_extraction__n_lags': 8, 'classifier__base_estimator__n_estimators': 50, 'classifier__base_estimator__max_depth': 5}",,,,,,,,12,,,,,,,
0,57,0.034154415130615234,0.008188998854945402,0.0,0.0,"('ffill', None)",0.9,pca,"('pycatch22', {})",5,25,3,"{'imputation__params': ('ffill', None), 'feature_selection__threshold': 0.9, 'feature_selection__strategy': 'pca', 'feature_extraction__params': ('pycatch22', {}), 'feature_extraction__n_lags': 5, 'classifier__base_estimator__n_estimators': 25, 'classifier__base_estimator__max_depth': 3}",,,,,,,,12,,,,,,,
0,57,0.03308916091918945,0.010342263725933686,0.0,0.0,"('ffill', None)",0.85,pca,"('pycatch22', {})",8,50,3,"{'imputation__params': ('ffill', None), 'feature_selection__threshold': 0.85, 'feature_selection__strategy': 'pca', 'feature_extraction__params': ('pycatch22', {}), 'feature_extraction__n_lags': 8, 'classifier__base_estimator__n_estimators': 50, 'classifier__base_estimator__max_depth': 3}",,,,,,,,12,,,,,,,
0,57,0.04284958839416504,0.024222637748843905,0.005088138580322266,0.010176277160644533,"('interpolate', ('polynomial', 3))",0.85,pca,"('pycatch22', {})",3,100,3,"{'imputation__params': ('interpolate', ('polynomial', 3)), 'feature_selection__threshold': 0.85, 'feature_selection__strategy': 'pca', 'feature_extraction__params': ('pycatch22', {}), 'feature_extraction__n_lags': 3, 'classifier__base_estimator__n_estimators': 100, 'classifier__base_estimator__max_depth': 3}",,,,,,,,12,,,,,,,
0,57,0.037985610961914065,0.016169690120829833,0.0024391651153564454,0.004878330230712892,"('ffill', None)",0.95,pca,"('pycatch22', {})",3,50,5,"{'imputation__params': ('ffill', None), 'feature_selection__threshold': 0.95, 'feature_selection__strategy': 'pca', 'feature_extraction__params': ('pycatch22', {}), 'feature_extraction__n_lags': 3, 'classifier__base_estimator__n_estimators': 50, 'classifier__base_estimator__max_depth': 5}",,,,,,,,12,,,,,,,
0,57,0.031071043014526366,0.006461061434207097,0.0,0.0,"('ffill', None)",0.95,pca,"('pycatch22', {})",8,100,3,"{'imputation__params': ('ffill', None), 'feature_selection__threshold': 0.95, 'feature_selection__strategy': 'pca', 'feature_extraction__params': ('pycatch22', {}), 'feature_extraction__n_lags': 8, 'classifier__base_estimator__n_estimators': 100, 'classifier__base_estimator__max_depth': 3}",,,,,,,,12,,,,,,,
0,57,0.03266773223876953,0.010333983142549838,0.0,0.0,"('interpolate', 'linear')",0.85,pca,"('pycatch22', {})",8,100,5,"{'imputation__params': ('interpolate', 'linear'), 'feature_selection__threshold': 0.85, 'feature_selection__strategy': 'pca', 'feature_extraction__params': ('pycatch22', {}), 'feature_extraction__n_lags': 8, 'classifier__base_estimator__n_estimators': 100, 'classifier__base_estimator__max_depth': 5}",,,,,,,,12,,,,,,,
0,57,0.04930338859558105,0.04146892865831994,0.0022298812866210936,0.004459762573242187,"('interpolate', ('polynomial', 3))",0.9,correlation,"('pycatch22', {})",3,50,3,"{'imputation__params': ('interpolate', ('polynomial', 3)), 'feature_selection__threshold': 0.9, 'feature_selection__strategy': 'correlation', 'feature_extraction__params': ('pycatch22', {}), 'feature_extraction__n_lags': 3, 'classifier__base_estimator__n_estimators': 50, 'classifier__base_estimator__max_depth': 3}",,,,,,,,12,,,,,,,
0,57,0.024620771408081055,0.004691021493155937,0.0,0.0,"('ffill', None)",0.9,pca,"('pycatch22', {})",8,100,7,"{'imputation__params': ('ffill', None), 'feature_selection__threshold': 0.9, 'feature_selection__strategy': 'pca', 'feature_extraction__params': ('pycatch22', {}), 'feature_extraction__n_lags': 8, 'classifier__base_estimator__n_estimators': 100, 'classifier__base_estimator__max_depth': 7}",,,,,,,,12,,,,,,,
0,57,0.07046818733215332,0.08170092119535227,0.007658481597900391,0.015316963195800781,"('interpolate', ('polynomial', 3))",0.85,correlation,"('pycatch22', {})",3,50,7,"{'imputation__params': ('interpolate', ('polynomial', 3)), 'feature_selection__threshold': 0.85, 'feature_selection__strategy': 'correlation', 'feature_extraction__params': ('pycatch22', {}), 'feature_extraction__n_lags': 3, 'classifier__base_estimator__n_estimators': 50, 'classifier__base_estimator__max_depth': 7}",,,,,,,,12,,,,,,,
0,57,0.038669919967651366,0.02097578420837027,0.004043054580688476,0.008086109161376953,"('interpolate', ('spline', 3))",0.95,pca,"('pycatch22', {})",3,50,3,"{'imputation__params': ('interpolate', ('spline', 3)), 'feature_selection__threshold': 0.95, 'feature_selection__strategy': 'pca', 'feature_extraction__params': ('pycatch22', {}), 'feature_extraction__n_lags': 3, 'classifier__base_estimator__n_estimators': 50, 'classifier__base_estimator__max_depth': 3}",,,,,,,,12,,,,,,,
0,57,0.07217245101928711,0.0757064911404475,0.0037274837493896486,0.007454967498779297,"('interpolate', ('polynomial', 3))",0.9,correlation,"('pycatch22', {})",3,100,5,"{'imputation__params': ('interpolate', ('polynomial', 3)), 'feature_selection__threshold': 0.9, 'feature_selection__strategy': 'correlation', 'feature_extraction__params': ('pycatch22', {}), 'feature_extraction__n_lags': 3, 'classifier__base_estimator__n_estimators': 100, 'classifier__base_estimator__max_depth': 5}",,,,,,,,12,,,,,,,
0,57,0.08539786338806152,0.09448289705222244,0.005536127090454102,0.011072254180908205,"('interpolate', ('spline', 3))",0.9,correlation,"('pycatch22', {})",3,50,5,"{'imputation__params': ('interpolate', ('spline', 3)), 'feature_selection__threshold': 0.9, 'feature_selection__strategy': 'correlation', 'feature_extraction__params': ('pycatch22', {}), 'feature_extraction__n_lags': 3, 'classifier__base_estimator__n_estimators': 50, 'classifier__base_estimator__max_depth': 5}",,,,,,,,12,,,,,,,
0,57,0.0497797966003418,0.030557420856545576,0.003723812103271484,0.0074476242065429675,"('interpolate', ('spline', 2))",0.85,pca,"('pycatch22', {})",3,100,7,"{'imputation__params': ('interpolate', ('spline', 2)), 'feature_selection__threshold': 0.85, 'feature_selection__strategy': 'pca', 'feature_extraction__params': ('pycatch22', {}), 'feature_extraction__n_lags': 3, 'classifier__base_estimator__n_estimators': 100, 'classifier__base_estimator__max_depth': 7}",,,,,,,,12,,,,,,,
0,57,0.027086210250854493,0.007455485705911053,0.0,0.0,"('interpolate', ('spline', 2))",0.9,pca,"('pycatch22', {})",8,50,3,"{'imputation__params': ('interpolate', ('spline', 2)), 'feature_selection__threshold': 0.9, 'feature_selection__strategy': 'pca', 'feature_extraction__params': ('pycatch22', {}), 'feature_extraction__n_lags': 8, 'classifier__base_estimator__n_estimators': 50, 'classifier__base_estimator__max_depth': 3}",,,,,,,,12,,,,,,,
0,57,0.06344175338745117,0.0600468106321154,0.004690933227539063,0.009381866455078125,"('interpolate', ('spline', 3))",0.85,correlation,"('pycatch22', {})",3,100,7,"{'imputation__params': ('interpolate', ('spline', 3)), 'feature_selection__threshold': 0.85, 'feature_selection__strategy': 'correlation', 'feature_extraction__params': ('pycatch22', {}), 'feature_extraction__n_lags': 3, 'classifier__base_estimator__n_estimators': 100, 'classifier__base_estimator__max_depth': 7}",,,,,,,,12,,,,,,,
0,57,0.03129243850708008,0.008090762451947507,0.0,0.0,"('ffill', None)",0.85,correlation,"('pycatch22', {})",8,50,5,"{'imputation__params': ('ffill', None), 'feature_selection__threshold': 0.85, 'feature_selection__strategy': 'correlation', 'feature_extraction__params': ('pycatch22', {}), 'feature_extraction__n_lags': 8, 'classifier__base_estimator__n_estimators': 50, 'classifier__base_estimator__max_depth': 5}",,,,,,,,12,,,,,,,
0,57,0.02966933250427246,0.005866403564836358,0.0,0.0,"('interpolate', 'linear')",0.95,correlation,"('pycatch22', {})",5,50,3,"{'imputation__params': ('interpolate', 'linear'), 'feature_selection__threshold': 0.95, 'feature_selection__strategy': 'correlation', 'feature_extraction__params': ('pycatch22', {}), 'feature_extraction__n_lags': 5, 'classifier__base_estimator__n_estimators': 50, 'classifier__base_estimator__max_depth': 3}",,,,,,,,12,,,,,,,
0,57,0.04461903572082519,0.02082726920117424,0.004141664505004883,0.008283329010009766,"('ffill', None)",0.85,pca,"('pycatch22', {})",3,50,3,"{'imputation__params': ('ffill', None), 'feature_selection__threshold': 0.85, 'feature_selection__strategy': 'pca', 'feature_extraction__params': ('pycatch22', {}), 'feature_extraction__n_lags': 3, 'classifier__base_estimator__n_estimators': 50, 'classifier__base_estimator__max_depth': 3}",,,,,,,,12,,,,,,,
0,57,0.03817658424377442,0.010398828129842093,0.0,0.0,"('interpolate', 'linear')",0.85,correlation,"('pycatch22', {})",5,100,3,"{'imputation__params': ('interpolate', 'linear'), 'feature_selection__threshold': 0.85, 'feature_selection__strategy': 'correlation', 'feature_extraction__params': ('pycatch22', {}), 'feature_extraction__n_lags': 5, 'classifier__base_estimator__n_estimators': 100, 'classifier__base_estimator__max_depth': 3}",,,,,,,,12,,,,,,,
0,57,0.059547042846679686,0.04409094626895107,0.0038288116455078127,0.007657623291015625,"('interpolate', 'linear')",0.95,correlation,"('pycatch22', {})",3,25,7,"{'imputation__params': ('interpolate', 'linear'), 'feature_selection__threshold': 0.95, 'feature_selection__strategy': 'correlation', 'feature_extraction__params': ('pycatch22', {}), 'feature_extraction__n_lags': 3, 'classifier__base_estimator__n_estimators': 25, 'classifier__base_estimator__max_depth': 7}",,,,,,,,12,,,,,,,
0,57,0.03828344345092773,0.020671518494250803,0.004796409606933593,0.009592819213867187,"('interpolate', ('polynomial', 2))",0.95,pca,"('pycatch22', {})",3,100,3,"{'imputation__params': ('interpolate', ('polynomial', 2)), 'feature_selection__threshold': 0.95, 'feature_selection__strategy': 'pca', 'feature_extraction__params': ('pycatch22', {}), 'feature_extraction__n_lags': 3, 'classifier__base_estimator__n_estimators': 100, 'classifier__base_estimator__max_depth': 3}",,,,,,,,12,,,,,,,
0,57,0.029320526123046874,0.011916808778566382,0.0,0.0,"('interpolate', ('spline', 2))",0.85,pca,"('pycatch22', {})",5,100,3,"{'imputation__params': ('interpolate', ('spline', 2)), 'feature_selection__threshold': 0.85, 'feature_selection__strategy': 'pca', 'feature_extraction__params': ('pycatch22', {}), 'feature_extraction__n_lags': 5, 'classifier__base_estimator__n_estimators': 100, 'classifier__base_estimator__max_depth': 3}",,,,,,,,12,,,,,,,
0,57,0.058726930618286134,0.05676050943642112,0.005854463577270508,0.011708927154541016,"('ffill', None)",0.95,correlation,"('pycatch22', {})",3,100,7,"{'imputation__params': ('ffill', None), 'feature_selection__threshold': 0.95, 'feature_selection__strategy': 'correlation', 'feature_extraction__params': ('pycatch22', {}), 'feature_extraction__n_lags': 3, 'classifier__base_estimator__n_estimators': 100, 'classifier__base_estimator__max_depth': 7}",,,,,,,,12,,,,,,,
0,57,0.027502727508544923,0.00774183851306768,0.0,0.0,"('interpolate', ('spline', 3))",0.95,pca,"('pycatch22', {})",8,25,3,"{'imputation__params': ('interpolate', ('spline', 3)), 'feature_selection__threshold': 0.95, 'feature_selection__strategy': 'pca', 'feature_extraction__params': ('pycatch22', {}), 'feature_extraction__n_lags': 8, 'classifier__base_estimator__n_estimators': 25, 'classifier__base_estimator__max_depth': 3}",,,,,,,,12,,,,,,,
0,57,0.04456806182861328,0.02561149790197913,0.002515077590942383,0.005030155181884766,"('interpolate', ('spline', 2))",0.95,pca,"('pycatch22', {})",3,50,5,"{'imputation__params': ('interpolate', ('spline', 2)), 'feature_selection__threshold': 0.95, 'feature_selection__strategy': 'pca', 'feature_extraction__params': ('pycatch22', {}), 'feature_extraction__n_lags': 3, 'classifier__base_estimator__n_estimators': 50, 'classifier__base_estimator__max_depth': 5}",,,,,,,,12,,,,,,,
0,57,0.03640279769897461,0.010261019040508459,0.0,0.0,"('interpolate', 'linear')",0.95,pca,"('pycatch22', {})",5,100,3,"{'imputation__params': ('interpolate', 'linear'), 'feature_selection__threshold': 0.95, 'feature_selection__strategy': 'pca', 'feature_extraction__params': ('pycatch22', {}), 'feature_extraction__n_lags': 5, 'classifier__base_estimator__n_estimators': 100, 'classifier__base_estimator__max_depth': 3}",,,,,,,,12,,,,,,,
0,57,0.023586177825927736,0.007752465237584531,0.0,0.0,"('interpolate', ('polynomial', 2))",0.9,correlation,"('pycatch22', {})",5,25,5,"{'imputation__params': ('interpolate', ('polynomial', 2)), 'feature_selection__threshold': 0.9, 'feature_selection__strategy': 'correlation', 'feature_extraction__params': ('pycatch22', {}), 'feature_extraction__n_lags': 5, 'classifier__base_estimator__n_estimators': 25, 'classifier__base_estimator__max_depth': 5}",,,,,,,,12,,,,,,,
0,57,0.054754018783569336,0.03934090017635706,0.0035339832305908204,0.007067966461181642,"('interpolate', ('polynomial', 2))",0.85,correlation,"('pycatch22', {})",3,25,3,"{'imputation__params': ('interpolate', ('polynomial', 2)), 'feature_selection__threshold': 0.85, 'feature_selection__strategy': 'correlation', 'feature_extraction__params': ('pycatch22', {}), 'feature_extraction__n_lags': 3, 'classifier__base_estimator__n_estimators': 25, 'classifier__base_estimator__max_depth': 3}",,,,,,,,12,,,,,,,
0,57,0.026831340789794923,0.004621109509082377,0.0,0.0,"('interpolate', ('polynomial', 3))",0.9,pca,"('pycatch22', {})",5,50,5,"{'imputation__params': ('interpolate', ('polynomial', 3)), 'feature_selection__threshold': 0.9, 'feature_selection__strategy': 'pca', 'feature_extraction__params': ('pycatch22', {}), 'feature_extraction__n_lags': 5, 'classifier__base_estimator__n_estimators': 50, 'classifier__base_estimator__max_depth': 5}",,,,,,,,12,,,,,,,
0,57,0.02568049430847168,0.011644357532090465,0.0,0.0,"('interpolate', ('polynomial', 2))",0.85,correlation,"('pycatch22', {})",8,100,7,"{'imputation__params': ('interpolate', ('polynomial', 2)), 'feature_selection__threshold': 0.85, 'feature_selection__strategy': 'correlation', 'feature_extraction__params': ('pycatch22', {}), 'feature_extraction__n_lags': 8, 'classifier__base_estimator__n_estimators': 100, 'classifier__base_estimator__max_depth': 7}",,,,,,,,12,,,,,,,
0,57,0.02917962074279785,0.00556258958621403,0.0,0.0,"('interpolate', ('spline', 2))",0.85,correlation,"('pycatch22', {})",8,100,5,"{'imputation__params': ('interpolate', ('spline', 2)), 'feature_selection__threshold': 0.85, 'feature_selection__strategy': 'correlation', 'feature_extraction__params': ('pycatch22', {}), 'feature_extraction__n_lags': 8, 'classifier__base_estimator__n_estimators': 100, 'classifier__base_estimator__max_depth': 5}",,,,,,,,12,,,,,,,
0,57,0.02496485710144043,0.005914979355578595,0.0,0.0,"('interpolate', ('polynomial', 3))",0.85,correlation,"('pycatch22', {})",5,50,7,"{'imputation__params': ('interpolate', ('polynomial', 3)), 'feature_selection__threshold': 0.85, 'feature_selection__strategy': 'correlation', 'feature_extraction__params': ('pycatch22', {}), 'feature_extraction__n_lags': 5, 'classifier__base_estimator__n_estimators': 50, 'classifier__base_estimator__max_depth': 7}",,,,,,,,12,,,,,,,
0,57,0.04723238945007324,0.042168819987685804,0.0025343894958496094,0.005068778991699219,"('ffill', None)",0.85,correlation,"('pycatch22', {})",3,25,7,"{'imputation__params': ('ffill', None), 'feature_selection__threshold': 0.85, 'feature_selection__strategy': 'correlation', 'feature_extraction__params': ('pycatch22', {}), 'feature_extraction__n_lags': 3, 'classifier__base_estimator__n_estimators': 25, 'classifier__base_estimator__max_depth': 7}",,,,,,,,12,,,,,,,
0,57,0.02338242530822754,0.0041733045436642725,0.0,0.0,"('interpolate', ('polynomial', 2))",0.95,pca,"('pycatch22', {})",5,100,7,"{'imputation__params': ('interpolate', ('polynomial', 2)), 'feature_selection__threshold': 0.95, 'feature_selection__strategy': 'pca', 'feature_extraction__params': ('pycatch22', {}), 'feature_extraction__n_lags': 5, 'classifier__base_estimator__n_estimators': 100, 'classifier__base_estimator__max_depth': 7}",,,,,,,,12,,,,,,,
0,57,0.022834205627441408,0.004958928489243092,0.0,0.0,"('ffill', None)",0.85,pca,"('pycatch22', {})",5,100,3,"{'imputation__params': ('ffill', None), 'feature_selection__threshold': 0.85, 'feature_selection__strategy': 'pca', 'feature_extraction__params': ('pycatch22', {}), 'feature_extraction__n_lags': 5, 'classifier__base_estimator__n_estimators': 100, 'classifier__base_estimator__max_depth': 3}",,,,,,,,12,,,,,,,
0,57,0.02289738655090332,0.006272652950706683,0.0,0.0,"('interpolate', ('polynomial', 2))",0.9,pca,"('pycatch22', {})",5,50,7,"{'imputation__params': ('interpolate', ('polynomial', 2)), 'feature_selection__threshold': 0.9, 'feature_selection__strategy': 'pca', 'feature_extraction__params': ('pycatch22', {}), 'feature_extraction__n_lags': 5, 'classifier__base_estimator__n_estimators': 50, 'classifier__base_estimator__max_depth': 7}",,,,,,,,12,,,,,,,
0,57,0.030490589141845704,0.006224051723947507,0.0,0.0,"('interpolate', ('spline', 3))",0.85,pca,"('pycatch22', {})",5,100,3,"{'imputation__params': ('interpolate', ('spline', 3)), 'feature_selection__threshold': 0.85, 'feature_selection__strategy': 'pca', 'feature_extraction__params': ('pycatch22', {}), 'feature_extraction__n_lags': 5, 'classifier__base_estimator__n_estimators': 100, 'classifier__base_estimator__max_depth': 3}",,,,,,,,12,,,,,,,
0,57,0.038166236877441403,0.01760454646938999,0.004036664962768555,0.00807332992553711,"('interpolate', 'linear')",0.9,pca,"('pycatch22', {})",3,100,7,"{'imputation__params': ('interpolate', 'linear'), 'feature_selection__threshold': 0.9, 'feature_selection__strategy': 'pca', 'feature_extraction__params': ('pycatch22', {}), 'feature_extraction__n_lags': 3, 'classifier__base_estimator__n_estimators': 100, 'classifier__base_estimator__max_depth': 7}",,,,,,,,12,,,,,,,
0,57,0.017150211334228515,0.007972174495661738,0.0,0.0,"('ffill', None)",0.85,pca,"('pycatch22', {})",8,25,7,"{'imputation__params': ('ffill', None), 'feature_selection__threshold': 0.85, 'feature_selection__strategy': 'pca', 'feature_extraction__params': ('pycatch22', {}), 'feature_extraction__n_lags': 8, 'classifier__base_estimator__n_estimators': 25, 'classifier__base_estimator__max_depth': 7}",,,,,,,,12,,,,,,,
0,57,0.02674245834350586,0.012057823005596624,0.0,0.0,"('interpolate', 'linear')",0.85,correlation,"('pycatch22', {})",8,50,3,"{'imputation__params': ('interpolate', 'linear'), 'feature_selection__threshold': 0.85, 'feature_selection__strategy': 'correlation', 'feature_extraction__params': ('pycatch22', {}), 'feature_extraction__n_lags': 8, 'classifier__base_estimator__n_estimators': 50, 'classifier__base_estimator__max_depth': 3}",,,,,,,,12,,,,,,,
0,57,0.03805694580078125,0.012293623135676938,0.004042911529541016,0.008085823059082032,"('interpolate', ('spline', 2))",0.9,pca,"('pycatch22', {})",3,100,3,"{'imputation__params': ('interpolate', ('spline', 2)), 'feature_selection__threshold': 0.9, 'feature_selection__strategy': 'pca', 'feature_extraction__params': ('pycatch22', {}), 'feature_extraction__n_lags': 3, 'classifier__base_estimator__n_estimators': 100, 'classifier__base_estimator__max_depth': 3}",,,,,,,,12,,,,,,,
0,57,0.024141836166381835,0.0044632579022757645,0.0,0.0,"('ffill', None)",0.95,correlation,"('pycatch22', {})",5,25,7,"{'imputation__params': ('ffill', None), 'feature_selection__threshold': 0.95, 'feature_selection__strategy': 'correlation', 'feature_extraction__params': ('pycatch22', {}), 'feature_extraction__n_lags': 5, 'classifier__base_estimator__n_estimators': 25, 'classifier__base_estimator__max_depth': 7}",,,,,,,,12,,,,,,,
0,57,0.023825645446777344,0.004501299501772779,0.0,0.0,"('interpolate', 'linear')",0.9,correlation,"('pycatch22', {})",5,100,3,"{'imputation__params': ('interpolate', 'linear'), 'feature_selection__threshold': 0.9, 'feature_selection__strategy': 'correlation', 'feature_extraction__params': ('pycatch22', {}), 'feature_extraction__n_lags': 5, 'classifier__base_estimator__n_estimators': 100, 'classifier__base_estimator__max_depth': 3}",,,,,,,,12,,,,,,,
0,57,0.05885815620422363,0.056956840712919864,0.0030585289001464843,0.006117057800292969,"('interpolate', ('polynomial', 2))",0.9,pca,"('pycatch22', {})",3,100,3,"{'imputation__params': ('interpolate', ('polynomial', 2)), 'feature_selection__threshold': 0.9, 'feature_selection__strategy': 'pca', 'feature_extraction__params': ('pycatch22', {}), 'feature_extraction__n_lags': 3, 'classifier__base_estimator__n_estimators': 100, 'classifier__base_estimator__max_depth': 3}",,,,,,,,12,,,,,,,
0,57,0.03126912117004395,0.0075901188673256495,0.0,0.0,"('interpolate', ('spline', 3))",0.9,pca,"('pycatch22', {})",5,25,7,"{'imputation__params': ('interpolate', ('spline', 3)), 'feature_selection__threshold': 0.9, 'feature_selection__strategy': 'pca', 'feature_extraction__params': ('pycatch22', {}), 'feature_extraction__n_lags': 5, 'classifier__base_estimator__n_estimators': 25, 'classifier__base_estimator__max_depth': 7}",,,,,,,,12,,,,,,,
0,57,0.031087970733642577,0.006256285050203583,0.0,0.0,"('interpolate', ('polynomial', 2))",0.85,pca,"('pycatch22', {})",5,100,3,"{'imputation__params': ('interpolate', ('polynomial', 2)), 'feature_selection__threshold': 0.85, 'feature_selection__strategy': 'pca', 'feature_extraction__params': ('pycatch22', {}), 'feature_extraction__n_lags': 5, 'classifier__base_estimator__n_estimators': 100, 'classifier__base_estimator__max_depth': 3}",,,,,,,,12,,,,,,,
0,57,0.023187541961669923,0.005230014691153871,0.0,0.0,"('interpolate', ('polynomial', 2))",0.85,correlation,"('pycatch22', {})",8,25,5,"{'imputation__params': ('interpolate', ('polynomial', 2)), 'feature_selection__threshold': 0.85, 'feature_selection__strategy': 'correlation', 'feature_extraction__params': ('pycatch22', {}), 'feature_extraction__n_lags': 8, 'classifier__base_estimator__n_estimators': 25, 'classifier__base_estimator__max_depth': 5}",,,,,,,,12,,,,,,,
0,57,0.03061838150024414,0.005896123562087965,0.0,0.0,"('interpolate', ('polynomial', 2))",0.85,pca,"('pycatch22', {})",5,100,5,"{'imputation__params': ('interpolate', ('polynomial', 2)), 'feature_selection__threshold': 0.85, 'feature_selection__strategy': 'pca', 'feature_extraction__params': ('pycatch22', {}), 'feature_extraction__n_lags': 5, 'classifier__base_estimator__n_estimators': 100, 'classifier__base_estimator__max_depth': 5}",,,,,,,,12,,,,,,,
0,57,0.027519083023071288,0.006225054621960313,0.0,0.0,"('interpolate', ('spline', 2))",0.9,correlation,"('pycatch22', {})",8,100,7,"{'imputation__params': ('interpolate', ('spline', 2)), 'feature_selection__threshold': 0.9, 'feature_selection__strategy': 'correlation', 'feature_extraction__params': ('pycatch22', {}), 'feature_extraction__n_lags': 8, 'classifier__base_estimator__n_estimators': 100, 'classifier__base_estimator__max_depth': 7}",,,,,,,,12,,,,,,,
0,57,0.05335712432861328,0.04166987075730476,0.004041290283203125,0.008082580566406249,"('interpolate', ('spline', 2))",0.85,correlation,"('pycatch22', {})",3,25,3,"{'imputation__params': ('interpolate', ('spline', 2)), 'feature_selection__threshold': 0.85, 'feature_selection__strategy': 'correlation', 'feature_extraction__params': ('pycatch22', {}), 'feature_extraction__n_lags': 3, 'classifier__base_estimator__n_estimators': 25, 'classifier__base_estimator__max_depth': 3}",,,,,,,,12,,,,,,,
0,57,0.05954289436340332,0.0528129813762262,0.003432893753051758,0.006865787506103516,"('interpolate', ('spline', 2))",0.95,correlation,"('pycatch22', {})",3,25,5,"{'imputation__params': ('interpolate', ('spline', 2)), 'feature_selection__threshold': 0.95, 'feature_selection__strategy': 'correlation', 'feature_extraction__params': ('pycatch22', {}), 'feature_extraction__n_lags': 3, 'classifier__base_estimator__n_estimators': 25, 'classifier__base_estimator__max_depth': 5}",,,,,,,,12,,,,,,,
0,57,0.02933053970336914,0.006284528239700488,0.0,0.0,"('interpolate', ('polynomial', 3))",0.85,pca,"('pycatch22', {})",5,100,3,"{'imputation__params': ('interpolate', ('polynomial', 3)), 'feature_selection__threshold': 0.85, 'feature_selection__strategy': 'pca', 'feature_extraction__params': ('pycatch22', {}), 'feature_extraction__n_lags': 5, 'classifier__base_estimator__n_estimators': 100, 'classifier__base_estimator__max_depth': 3}",,,,,,,,12,,,,,,,
0,57,0.028218746185302734,0.009777723388438134,0.0,0.0,"('interpolate', ('polynomial', 2))",0.85,correlation,"('pycatch22', {})",8,50,5,"{'imputation__params': ('interpolate', ('polynomial', 2)), 'feature_selection__threshold': 0.85, 'feature_selection__strategy': 'correlation', 'feature_extraction__params': ('pycatch22', {}), 'feature_extraction__n_lags': 8, 'classifier__base_estimator__n_estimators': 50, 'classifier__base_estimator__max_depth': 5}",,,,,,,,12,,,,,,,
0,57,0.043532514572143556,0.017513789521172732,0.005651140213012695,0.01130228042602539,"('interpolate', ('spline', 2))",0.85,pca,"('pycatch22', {})",3,25,3,"{'imputation__params': ('interpolate', ('spline', 2)), 'feature_selection__threshold': 0.85, 'feature_selection__strategy': 'pca', 'feature_extraction__params': ('pycatch22', {}), 'feature_extraction__n_lags': 3, 'classifier__base_estimator__n_estimators': 25, 'classifier__base_estimator__max_depth': 3}",,,,,,,,12,,,,,,,
1,171,0.03791990280151367,0.010995320492757088,0.0,0.0,"('interpolate', ('polynomial', 3))",0.85,pca,"('pycatch22', {})",8,50,5,"{'imputation__params': ('interpolate', ('polynomial', 3)), 'feature_selection__threshold': 0.85, 'feature_selection__strategy': 'pca', 'feature_extraction__params': ('pycatch22', {}), 'feature_extraction__n_lags': 8, 'classifier__base_estimator__n_estimators': 50, 'classifier__base_estimator__max_depth': 5}",,,,,,,,12,,,,,,,
1,171,0.039720010757446286,0.011219797952063687,0.0,0.0,"('interpolate', ('polynomial', 2))",0.85,correlation,"('pycatch22', {})",5,25,5,"{'imputation__params': ('interpolate', ('polynomial', 2)), 'feature_selection__threshold': 0.85, 'feature_selection__strategy': 'correlation', 'feature_extraction__params': ('pycatch22', {}), 'feature_extraction__n_lags': 5, 'classifier__base_estimator__n_estimators': 25, 'classifier__base_estimator__max_depth': 5}",,,,,,,,12,,,,,,,
1,171,0.11225848197937012,0.05195953606882672,0.053731250762939456,0.02951297003496437,"('interpolate', ('spline', 3))",0.85,pca,"('pycatch22', {})",3,50,5,"{'imputation__params': ('interpolate', ('spline', 3)), 'feature_selection__threshold': 0.85, 'feature_selection__strategy': 'pca', 'feature_extraction__params': ('pycatch22', {}), 'feature_extraction__n_lags': 3, 'classifier__base_estimator__n_estimators': 50, 'classifier__base_estimator__max_depth': 5}",0.5,,,,,,,12,0.5,,0.5,,,,
1,171,0.18148517608642578,0.07286655854377198,0.05870676040649414,0.036223745516833036,"('interpolate', ('polynomial', 2))",0.9,pca,"('pycatch22', {})",3,100,5,"{'imputation__params': ('interpolate', ('polynomial', 2)), 'feature_selection__threshold': 0.9, 'feature_selection__strategy': 'pca', 'feature_extraction__params': ('pycatch22', {}), 'feature_extraction__n_lags': 3, 'classifier__base_estimator__n_estimators': 100, 'classifier__base_estimator__max_depth': 5}",0.5,,,,,,,12,0.5,,0.5,,,,
1,171,0.038640499114990234,0.006863418899594673,0.0,0.0,"('ffill', None)",0.85,pca,"('pycatch22', {})",8,50,7,"{'imputation__params': ('ffill', None), 'feature_selection__threshold': 0.85, 'feature_selection__strategy': 'pca', 'feature_extraction__params': ('pycatch22', {}), 'feature_extraction__n_lags': 8, 'classifier__base_estimator__n_estimators': 50, 'classifier__base_estimator__max_depth': 7}",,,,,,,,12,,,,,,,
1,171,0.030322170257568358,0.012498877049201674,0.0,0.0,"('interpolate', ('polynomial', 2))",0.85,pca,"('pycatch22', {})",5,25,3,"{'imputation__params': ('interpolate', ('polynomial', 2)), 'feature_selection__threshold': 0.85, 'feature_selection__strategy': 'pca', 'feature_extraction__params': ('pycatch22', {}), 'feature_extraction__n_lags': 5, 'classifier__base_estimator__n_estimators': 25, 'classifier__base_estimator__max_depth': 3}",,,,,,,,12,,,,,,,
1,171,0.036402416229248044,0.005005428992938823,0.0,0.0,"('interpolate', ('polynomial', 2))",0.85,pca,"('pycatch22', {})",5,50,5,"{'imputation__params': ('interpolate', ('polynomial', 2)), 'feature_selection__threshold': 0.85, 'feature_selection__strategy': 'pca', 'feature_extraction__params': ('pycatch22', {}), 'feature_extraction__n_lags': 5, 'classifier__base_estimator__n_estimators': 50, 'classifier__base_estimator__max_depth': 5}",,,,,,,,12,,,,,,,
1,171,0.04457931518554688,0.010356542471013842,0.0,0.0,"('interpolate', ('polynomial', 3))",0.95,correlation,"('pycatch22', {})",8,100,7,"{'imputation__params': ('interpolate', ('polynomial', 3)), 'feature_selection__threshold': 0.95, 'feature_selection__strategy': 'correlation', 'feature_extraction__params': ('pycatch22', {}), 'feature_extraction__n_lags': 8, 'classifier__base_estimator__n_estimators': 100, 'classifier__base_estimator__max_depth': 7}",,,,,,,,12,,,,,,,
1,171,0.20649371147155762,0.08262118926855389,0.05018372535705566,0.028242910777902825,"('interpolate', ('spline', 3))",0.85,correlation,"('pycatch22', {})",3,50,5,"{'imputation__params': ('interpolate', ('spline', 3)), 'feature_selection__threshold': 0.85, 'feature_selection__strategy': 'correlation', 'feature_extraction__params': ('pycatch22', {}), 'feature_extraction__n_lags': 3, 'classifier__base_estimator__n_estimators': 50, 'classifier__base_estimator__max_depth': 5}",0.5,,,,,,,12,0.5,,0.5,,,,
1,171,0.2221102237701416,0.08588682440099592,0.051877927780151364,0.028141697719805292,"('interpolate', ('polynomial', 3))",0.85,correlation,"('pycatch22', {})",3,25,7,"{'imputation__params': ('interpolate', ('polynomial', 3)), 'feature_selection__threshold': 0.85, 'feature_selection__strategy': 'correlation', 'feature_extraction__params': ('pycatch22', {}), 'feature_extraction__n_lags': 3, 'classifier__base_estimator__n_estimators': 25, 'classifier__base_estimator__max_depth': 7}",0.5,,,,,,,12,0.5,,0.5,,,,
1,171,0.04987311363220215,0.019400771898821324,0.0,0.0,"('ffill', None)",0.85,pca,"('pycatch22', {})",8,50,3,"{'imputation__params': ('ffill', None), 'feature_selection__threshold': 0.85, 'feature_selection__strategy': 'pca', 'feature_extraction__params': ('pycatch22', {}), 'feature_extraction__n_lags': 8, 'classifier__base_estimator__n_estimators': 50, 'classifier__base_estimator__max_depth': 3}",,,,,,,,12,,,,,,,
1,171,0.04738779067993164,0.014793379995511773,0.0,0.0,"('ffill', None)",0.9,pca,"('pycatch22', {})",5,25,3,"{'imputation__params': ('ffill', None), 'feature_selection__threshold': 0.9, 'feature_selection__strategy': 'pca', 'feature_extraction__params': ('pycatch22', {}), 'feature_extraction__n_lags': 5, 'classifier__base_estimator__n_estimators': 25, 'classifier__base_estimator__max_depth': 3}",,,,,,,,12,,,,,,,
1,171,0.0406496524810791,0.010497098510786245,0.0,0.0,"('ffill', None)",0.9,pca,"('pycatch22', {})",8,50,5,"{'imputation__params': ('ffill', None), 'feature_selection__threshold': 0.9, 'feature_selection__strategy': 'pca', 'feature_extraction__params': ('pycatch22', {}), 'feature_extraction__n_lags': 8, 'classifier__base_estimator__n_estimators': 50, 'classifier__base_estimator__max_depth': 5}",,,,,,,,12,,,,,,,
1,171,0.036440563201904294,0.01551915288022405,0.0,0.0,"('interpolate', ('spline', 3))",0.95,pca,"('pycatch22', {})",8,100,5,"{'imputation__params': ('interpolate', ('spline', 3)), 'feature_selection__threshold': 0.95, 'feature_selection__strategy': 'pca', 'feature_extraction__params': ('pycatch22', {}), 'feature_extraction__n_lags': 8, 'classifier__base_estimator__n_estimators': 100, 'classifier__base_estimator__max_depth': 5}",,,,,,,,12,,,,,,,
1,171,0.2037024974822998,0.08538886622336103,0.0445798397064209,0.024391394294493902,"('interpolate', ('polynomial', 2))",0.95,correlation,"('pycatch22', {})",3,100,3,"{'imputation__params': ('interpolate', ('polynomial', 2)), 'feature_selection__threshold': 0.95, 'feature_selection__strategy': 'correlation', 'feature_extraction__params': ('pycatch22', {}), 'feature_extraction__n_lags': 3, 'classifier__base_estimator__n_estimators': 100, 'classifier__base_estimator__max_depth': 3}",0.5,,,,,,,12,0.5,,0.5,,,,
1,171,0.04119243621826172,0.013906439394091029,0.0,0.0,"('interpolate', ('spline', 2))",0.85,correlation,"('pycatch22', {})",8,25,5,"{'imputation__params': ('interpolate', ('spline', 2)), 'feature_selection__threshold': 0.85, 'feature_selection__strategy': 'correlation', 'feature_extraction__params': ('pycatch22', {}), 'feature_extraction__n_lags': 8, 'classifier__base_estimator__n_estimators': 25, 'classifier__base_estimator__max_depth': 5}",,,,,,,,12,,,,,,,
1,171,0.19457802772521973,0.10362479511404733,0.05181660652160645,0.027985643139843596,"('ffill', None)",0.9,pca,"('pycatch22', {})",3,25,7,"{'imputation__params': ('ffill', None), 'feature_selection__threshold': 0.9, 'feature_selection__strategy': 'pca', 'feature_extraction__params': ('pycatch22', {}), 'feature_extraction__n_lags': 3, 'classifier__base_estimator__n_estimators': 25, 'classifier__base_estimator__max_depth': 7}",0.5,,,,,,,12,0.5,,0.5,,,,
1,171,0.04358344078063965,0.01551138830867934,0.0,0.0,"('interpolate', 'linear')",0.95,correlation,"('pycatch22', {})",8,50,7,"{'imputation__params': ('interpolate', 'linear'), 'feature_selection__threshold': 0.95, 'feature_selection__strategy': 'correlation', 'feature_extraction__params': ('pycatch22', {}), 'feature_extraction__n_lags': 8, 'classifier__base_estimator__n_estimators': 50, 'classifier__base_estimator__max_depth': 7}",,,,,,,,12,,,,,,,
1,171,0.052113676071166994,0.015480687679825722,0.0,0.0,"('interpolate', 'linear')",0.95,correlation,"('pycatch22', {})",5,100,3,"{'imputation__params': ('interpolate', 'linear'), 'feature_selection__threshold': 0.95, 'feature_selection__strategy': 'correlation', 'feature_extraction__params': ('pycatch22', {}), 'feature_extraction__n_lags': 5, 'classifier__base_estimator__n_estimators': 100, 'classifier__base_estimator__max_depth': 3}",,,,,,,,12,,,,,,,
1,171,0.039357566833496095,0.018522220845401834,0.0,0.0,"('interpolate', ('polynomial', 2))",0.85,correlation,"('pycatch22', {})",8,25,7,"{'imputation__params': ('interpolate', ('polynomial', 2)), 'feature_selection__threshold': 0.85, 'feature_selection__strategy': 'correlation', 'feature_extraction__params': ('pycatch22', {}), 'feature_extraction__n_lags': 8, 'classifier__base_estimator__n_estimators': 25, 'classifier__base_estimator__max_depth': 7}",,,,,,,,12,,,,,,,
1,171,0.03751707077026367,0.009058196698365542,0.0,0.0,"('interpolate', ('polynomial', 2))",0.85,correlation,"('pycatch22', {})",8,50,5,"{'imputation__params': ('interpolate', ('polynomial', 2)), 'feature_selection__threshold': 0.85, 'feature_selection__strategy': 'correlation', 'feature_extraction__params': ('pycatch22', {}), 'feature_extraction__n_lags': 8, 'classifier__base_estimator__n_estimators': 50, 'classifier__base_estimator__max_depth': 5}",,,,,,,,12,,,,,,,
1,171,0.045169401168823245,0.014824306048123414,0.0,0.0,"('interpolate', ('polynomial', 2))",0.9,pca,"('pycatch22', {})",8,25,3,"{'imputation__params': ('interpolate', ('polynomial', 2)), 'feature_selection__threshold': 0.9, 'feature_selection__strategy': 'pca', 'feature_extraction__params': ('pycatch22', {}), 'feature_extraction__n_lags': 8, 'classifier__base_estimator__n_estimators': 25, 'classifier__base_estimator__max_depth': 3}",,,,,,,,12,,,,,,,
1,171,0.2293118953704834,0.09763618015580906,0.05209026336669922,0.027778126349574033,"('interpolate', 'linear')",0.85,correlation,"('pycatch22', {})",3,100,5,"{'imputation__params': ('interpolate', 'linear'), 'feature_selection__threshold': 0.85, 'feature_selection__strategy': 'correlation', 'feature_extraction__params': ('pycatch22', {}), 'feature_extraction__n_lags': 3, 'classifier__base_estimator__n_estimators': 100, 'classifier__base_estimator__max_depth': 5}",0.5,,,,,,,12,0.5,,0.5,,,,
1,171,0.04346461296081543,0.010202150117839351,0.0,0.0,"('interpolate', ('polynomial', 3))",0.85,correlation,"('pycatch22', {})",8,25,7,"{'imputation__params': ('interpolate', ('polynomial', 3)), 'feature_selection__threshold': 0.85, 'feature_selection__strategy': 'correlation', 'feature_extraction__params': ('pycatch22', {}), 'feature_extraction__n_lags': 8, 'classifier__base_estimator__n_estimators': 25, 'classifier__base_estimator__max_depth': 7}",,,,,,,,12,,,,,,,
1,171,0.050226449966430664,0.012380276773881543,0.0,0.0,"('interpolate', 'linear')",0.9,pca,"('pycatch22', {})",8,50,7,"{'imputation__params': ('interpolate', 'linear'), 'feature_selection__threshold': 0.9, 'feature_selection__strategy': 'pca', 'feature_extraction__params': ('pycatch22', {}), 'feature_extraction__n_lags': 8, 'classifier__base_estimator__n_estimators': 50, 'classifier__base_estimator__max_depth': 7}",,,,,,,,12,,,,,,,
1,171,0.04644808769226074,0.010249495937735532,0.0,0.0,"('interpolate', ('spline', 2))",0.95,correlation,"('pycatch22', {})",5,100,3,"{'imputation__params': ('interpolate', ('spline', 2)), 'feature_selection__threshold': 0.95, 'feature_selection__strategy': 'correlation', 'feature_extraction__params': ('pycatch22', {}), 'feature_extraction__n_lags': 5, 'classifier__base_estimator__n_estimators': 100, 'classifier__base_estimator__max_depth': 3}",,,,,,,,12,,,,,,,
1,171,0.050572681427001956,0.011107589949876305,0.0,0.0,"('interpolate', ('polynomial', 2))",0.85,correlation,"('pycatch22', {})",5,100,7,"{'imputation__params': ('interpolate', ('polynomial', 2)), 'feature_selection__threshold': 0.85, 'feature_selection__strategy': 'correlation', 'feature_extraction__params': ('pycatch22', {}), 'feature_extraction__n_lags': 5, 'classifier__base_estimator__n_estimators': 100, 'classifier__base_estimator__max_depth': 7}",,,,,,,,12,,,,,,,
1,171,0.20256218910217286,0.08144303759254463,0.055942440032958986,0.030509754010386022,"('ffill', None)",0.9,correlation,"('pycatch22', {})",3,100,3,"{'imputation__params': ('ffill', None), 'feature_selection__threshold': 0.9, 'feature_selection__strategy': 'correlation', 'feature_extraction__params': ('pycatch22', {}), 'feature_extraction__n_lags': 3, 'classifier__base_estimator__n_estimators': 100, 'classifier__base_estimator__max_depth': 3}",0.5,,,,,,,12,0.5,,0.5,,,,
1,171,0.17696876525878907,0.06954559216067263,0.05016827583312988,0.02622630275034845,"('interpolate', ('polynomial', 2))",0.95,correlation,"('pycatch22', {})",3,100,7,"{'imputation__params': ('interpolate', ('polynomial', 2)), 'feature_selection__threshold': 0.95, 'feature_selection__strategy': 'correlation', 'feature_extraction__params': ('pycatch22', {}), 'feature_extraction__n_lags': 3, 'classifier__base_estimator__n_estimators': 100, 'classifier__base_estimator__max_depth': 7}",0.5,,,,,,,12,0.5,,0.5,,,,
1,171,0.1840435028076172,0.06645823773433539,0.04792399406433105,0.02665043374996784,"('interpolate', ('polynomial', 3))",0.85,correlation,"('pycatch22', {})",3,25,5,"{'imputation__params': ('interpolate', ('polynomial', 3)), 'feature_selection__threshold': 0.85, 'feature_selection__strategy': 'correlation', 'feature_extraction__params': ('pycatch22', {}), 'feature_extraction__n_lags': 3, 'classifier__base_estimator__n_estimators': 25, 'classifier__base_estimator__max_depth': 5}",0.5,,,,,,,12,0.5,,0.5,,,,
1,171,0.044828176498413086,0.016165798857721927,0.0,0.0,"('interpolate', ('polynomial', 3))",0.95,correlation,"('pycatch22', {})",5,50,3,"{'imputation__params': ('interpolate', ('polynomial', 3)), 'feature_selection__threshold': 0.95, 'feature_selection__strategy': 'correlation', 'feature_extraction__params': ('pycatch22', {}), 'feature_extraction__n_lags': 5, 'classifier__base_estimator__n_estimators': 50, 'classifier__base_estimator__max_depth': 3}",,,,,,,,12,,,,,,,
1,171,0.04131011962890625,0.011668070524628016,0.0,0.0,"('interpolate', ('polynomial', 3))",0.9,pca,"('pycatch22', {})",5,100,5,"{'imputation__params': ('interpolate', ('polynomial', 3)), 'feature_selection__threshold': 0.9, 'feature_selection__strategy': 'pca', 'feature_extraction__params': ('pycatch22', {}), 'feature_extraction__n_lags': 5, 'classifier__base_estimator__n_estimators': 100, 'classifier__base_estimator__max_depth': 5}",,,,,,,,12,,,,,,,
1,171,0.2033839225769043,0.0755913365100154,0.046262598037719725,0.025577816079736772,"('interpolate', ('spline', 2))",0.85,correlation,"('pycatch22', {})",3,50,7,"{'imputation__params': ('interpolate', ('spline', 2)), 'feature_selection__threshold': 0.85, 'feature_selection__strategy': 'correlation', 'feature_extraction__params': ('pycatch22', {}), 'feature_extraction__n_lags': 3, 'classifier__base_estimator__n_estimators': 50, 'classifier__base_estimator__max_depth': 7}",0.5,,,,,,,12,0.5,,0.5,,,,
1,171,0.10360641479492187,0.031083249713858677,0.0429384708404541,0.02323741713446979,"('interpolate', ('spline', 2))",0.85,pca,"('pycatch22', {})",3,25,3,"{'imputation__params': ('interpolate', ('spline', 2)), 'feature_selection__threshold': 0.85, 'feature_selection__strategy': 'pca', 'feature_extraction__params': ('pycatch22', {}), 'feature_extraction__n_lags': 3, 'classifier__base_estimator__n_estimators': 25, 'classifier__base_estimator__max_depth': 3}",0.5,,,,,,,12,0.5,,0.5,,,,
2,513,0.2153475761413574,0.09122072740757733,0.11053376197814942,0.008827886186623207,"('interpolate', ('polynomial', 2))",0.85,pca,"('pycatch22', {})",5,25,3,"{'imputation__params': ('interpolate', ('polynomial', 2)), 'feature_selection__threshold': 0.85, 'feature_selection__strategy': 'pca', 'feature_extraction__params': ('pycatch22', {}), 'feature_extraction__n_lags': 5, 'classifier__base_estimator__n_estimators': 25, 'classifier__base_estimator__max_depth': 3}",,0.5,0.5,,0.5,,,12,0.5,0.5,0.5,0.5,0.5,0.5,0.0
2,513,0.3004140377044678,0.1738400856759355,0.10318188667297364,0.020061112776279325,"('interpolate', ('polynomial', 2))",0.85,pca,"('pycatch22', {})",5,50,5,"{'imputation__params': ('interpolate', ('polynomial', 2)), 'feature_selection__threshold': 0.85, 'feature_selection__strategy': 'pca', 'feature_extraction__params': ('pycatch22', {}), 'feature_extraction__n_lags': 5, 'classifier__base_estimator__n_estimators': 50, 'classifier__base_estimator__max_depth': 5}",,0.5,0.5,,0.5,,,12,0.5,0.5,0.5,0.5,0.5,0.5,0.0
2,513,0.6048327445983886,0.1956385856739736,0.17107272148132324,0.012911931642162118,"('interpolate', ('spline', 2))",0.85,correlation,"('pycatch22', {})",3,50,7,"{'imputation__params': ('interpolate', ('spline', 2)), 'feature_selection__threshold': 0.85, 'feature_selection__strategy': 'correlation', 'feature_extraction__params': ('pycatch22', {}), 'feature_extraction__n_lags': 3, 'classifier__base_estimator__n_estimators': 50, 'classifier__base_estimator__max_depth': 7}",0.5,0.5,1.0,0.4126984126984127,0.5641025641025641,0.5953601953601954,0.2079725325970845,3,0.5,0.5,1.0,1.0,1.0,0.8,0.2449489742783178
2,513,0.21463389396667482,0.10309417266818595,0.03214802742004395,0.016881092383002488,"('interpolate', ('polynomial', 3))",0.95,correlation,"('pycatch22', {})",8,100,7,"{'imputation__params': ('interpolate', ('polynomial', 3)), 'feature_selection__threshold': 0.95, 'feature_selection__strategy': 'correlation', 'feature_extraction__params': ('pycatch22', {}), 'feature_extraction__n_lags': 8, 'classifier__base_estimator__n_estimators': 100, 'classifier__base_estimator__max_depth': 7}",,,,,,,,12,,,,,,,
2,513,0.5756924152374268,0.1693067828994795,0.1728668212890625,0.013306795204799713,"('interpolate', ('polynomial', 3))",0.85,correlation,"('pycatch22', {})",3,25,7,"{'imputation__params': ('interpolate', ('polynomial', 3)), 'feature_selection__threshold': 0.85, 'feature_selection__strategy': 'correlation', 'feature_extraction__params': ('pycatch22', {}), 'feature_extraction__n_lags': 3, 'classifier__base_estimator__n_estimators': 25, 'classifier__base_estimator__max_depth': 7}",0.5,0.5,1.0,0.25396825396825395,0.5769230769230769,0.5661782661782662,0.2427142209459248,8,0.5,0.5,1.0,1.0,0.9989247311827957,0.7997849462365592,0.24477369851989478
2,513,0.12915496826171874,0.05569746136385338,0.03966498374938965,0.022507804386038423,"('ffill', None)",0.85,pca,"('pycatch22', {})",8,50,3,"{'imputation__params': ('ffill', None), 'feature_selection__threshold': 0.85, 'feature_selection__strategy': 'pca', 'feature_extraction__params': ('pycatch22', {}), 'feature_extraction__n_lags': 8, 'classifier__base_estimator__n_estimators': 50, 'classifier__base_estimator__max_depth': 3}",,,,,,,,12,,,,,,,
2,513,0.23523645401000975,0.0997830800185685,0.10877819061279297,0.004931600584421455,"('ffill', None)",0.9,pca,"('pycatch22', {})",5,25,3,"{'imputation__params': ('ffill', None), 'feature_selection__threshold': 0.9, 'feature_selection__strategy': 'pca', 'feature_extraction__params': ('pycatch22', {}), 'feature_extraction__n_lags': 5, 'classifier__base_estimator__n_estimators': 25, 'classifier__base_estimator__max_depth': 3}",,0.5,0.5,,0.5,,,12,0.5,0.5,0.5,0.5,0.5,0.5,0.0
2,513,0.1199040412902832,0.04311972164327124,0.0307708740234375,0.016384358968243078,"('ffill', None)",0.9,pca,"('pycatch22', {})",8,50,5,"{'imputation__params': ('ffill', None), 'feature_selection__threshold': 0.9, 'feature_selection__strategy': 'pca', 'feature_extraction__params': ('pycatch22', {}), 'feature_extraction__n_lags': 8, 'classifier__base_estimator__n_estimators': 50, 'classifier__base_estimator__max_depth': 5}",,,,,,,,12,,,,,,,
2,513,0.12014689445495605,0.04709501852306282,0.02898068428039551,0.015081081812964029,"('interpolate', ('spline', 3))",0.95,pca,"('pycatch22', {})",8,100,5,"{'imputation__params': ('interpolate', ('spline', 3)), 'feature_selection__threshold': 0.95, 'feature_selection__strategy': 'pca', 'feature_extraction__params': ('pycatch22', {}), 'feature_extraction__n_lags': 8, 'classifier__base_estimator__n_estimators': 100, 'classifier__base_estimator__max_depth': 5}",,,,,,,,12,,,,,,,
2,513,0.6113711357116699,0.19461037825112,0.15730524063110352,0.00896996193161814,"('interpolate', ('polynomial', 2))",0.95,correlation,"('pycatch22', {})",3,100,3,"{'imputation__params': ('interpolate', ('polynomial', 2)), 'feature_selection__threshold': 0.95, 'feature_selection__strategy': 'correlation', 'feature_extraction__params': ('pycatch22', {}), 'feature_extraction__n_lags': 3, 'classifier__base_estimator__n_estimators': 100, 'classifier__base_estimator__max_depth': 3}",0.5,0.5,1.0,0.4920634920634921,0.4487179487179487,0.5881562881562882,0.20680192515276477,5,0.5,0.5,1.0,1.0,1.0,0.8,0.2449489742783178
2,513,0.5900358200073242,0.19502475811685324,0.15766692161560059,0.018267333337694504,"('interpolate', ('spline', 3))",0.85,correlation,"('pycatch22', {})",3,50,5,"{'imputation__params': ('interpolate', ('spline', 3)), 'feature_selection__threshold': 0.85, 'feature_selection__strategy': 'correlation', 'feature_extraction__params': ('pycatch22', {}), 'feature_extraction__n_lags': 3, 'classifier__base_estimator__n_estimators': 50, 'classifier__base_estimator__max_depth': 5}",0.5,0.5,1.0,0.4126984126984127,0.5641025641025641,0.5953601953601954,0.2079725325970845,3,0.5,0.5,1.0,1.0,1.0,0.8,0.2449489742783178
2,513,0.4001635551452637,0.15203892913655295,0.14248933792114257,0.02764107550053175,"('interpolate', ('spline', 2))",0.85,pca,"('pycatch22', {})",3,25,3,"{'imputation__params': ('interpolate', ('spline', 2)), 'feature_selection__threshold': 0.85, 'feature_selection__strategy': 'pca', 'feature_extraction__params': ('pycatch22', {}), 'feature_extraction__n_lags': 3, 'classifier__base_estimator__n_estimators': 25, 'classifier__base_estimator__max_depth': 3}",0.5,0.5,0.05263157894736842,0.1507936507936508,0.3076923076923077,0.3022235074866654,0.18082484455819445,11,0.5,0.5,0.8672131147540983,0.8064935064935065,0.9349462365591398,0.7217305715613489,0.18554769631684384
3,1539,1.2172863960266114,0.610524536932001,0.32778158187866213,0.023970240131286163,"('interpolate', ('polynomial', 3))",0.85,correlation,"('pycatch22', {})",3,25,7,"{'imputation__params': ('interpolate', ('polynomial', 3)), 'feature_selection__threshold': 0.85, 'feature_selection__strategy': 'correlation', 'feature_extraction__params': ('pycatch22', {}), 'feature_extraction__n_lags': 3, 'classifier__base_estimator__n_estimators': 25, 'classifier__base_estimator__max_depth': 7}",0.39863013698630134,0.4955436720142603,0.68287841191067,0.6656698564593301,0.6339285714285714,0.5753301297598267,0.11022744020024469,7,1.0,1.0,0.9998654708520179,0.9998293515358362,0.9998202614379085,0.9999030167651526,8.061786585313427e-05
3,1539,1.4283239364624023,0.589339151464229,0.33692474365234376,0.04060951690932101,"('interpolate', ('polynomial', 2))",0.95,correlation,"('pycatch22', {})",3,100,3,"{'imputation__params': ('interpolate', ('polynomial', 2)), 'feature_selection__threshold': 0.95, 'feature_selection__strategy': 'correlation', 'feature_extraction__params': ('pycatch22', {}), 'feature_extraction__n_lags': 3, 'classifier__base_estimator__n_estimators': 100, 'classifier__base_estimator__max_depth': 3}",0.41780821917808214,0.4123588829471182,0.5875930521091811,0.6719497607655504,0.62402950310559,0.5427478836211044,0.10763096869236938,10,1.0,1.0,1.0,0.9995093856655289,0.9990196078431373,0.9997057987017332,0.0003921987218024108
3,1539,1.3672918319702148,0.5196227211163497,0.32330498695373533,0.0283511986683821,"('interpolate', ('spline', 2))",0.85,correlation,"('pycatch22', {})",3,50,7,"{'imputation__params': ('interpolate', ('spline', 2)), 'feature_selection__threshold': 0.85, 'feature_selection__strategy': 'correlation', 'feature_extraction__params': ('pycatch22', {}), 'feature_extraction__n_lags': 3, 'classifier__base_estimator__n_estimators': 50, 'classifier__base_estimator__max_depth': 7}",0.3928082191780822,0.5502079619726679,0.6436724565756824,0.6845095693779905,0.6323757763975155,0.5807147967003876,0.10358129892667518,6,1.0,1.0,1.0,1.0,1.0,1.0,0.0
3,1539,1.3626909255981445,0.5459172480008293,0.3009167194366455,0.04489756578915725,"('interpolate', ('spline', 3))",0.85,correlation,"('pycatch22', {})",3,50,5,"{'imputation__params': ('interpolate', ('spline', 3)), 'feature_selection__threshold': 0.85, 'feature_selection__strategy': 'correlation', 'feature_extraction__params': ('pycatch22', {}), 'feature_extraction__n_lags': 3, 'classifier__base_estimator__n_estimators': 50, 'classifier__base_estimator__max_depth': 5}",0.3825342465753425,0.43077837195484253,0.5756823821339951,0.7239832535885168,0.641110248447205,0.5508177005399804,0.12766053943673805,9,1.0,1.0,1.0,1.0,1.0,1.0,0.0
4,4617,3.058568811416626,1.471602655936769,0.6416053771972656,0.025951991019151143,"('interpolate', ('polynomial', 3))",0.85,correlation,"('pycatch22', {})",3,25,7,"{'imputation__params': ('interpolate', ('polynomial', 3)), 'feature_selection__threshold': 0.85, 'feature_selection__strategy': 'correlation', 'feature_extraction__params': ('pycatch22', {}), 'feature_extraction__n_lags': 3, 'classifier__base_estimator__n_estimators': 25, 'classifier__base_estimator__max_depth': 7}",0.5630473599183743,0.6371144403877628,0.6141626278944534,0.6635294928810287,0.6196965628356605,0.6195100967834559,0.0330584058718397,1,0.9971231158867934,0.9943108743011627,0.9877185794348761,0.9800335431941475,0.962801613576712,0.9843975452787384,0.012301807084705628
4,4617,2.9714234828948975,1.125167643500466,0.576270866394043,0.0876889650953449,"('interpolate', ('spline', 2))",0.85,correlation,"('pycatch22', {})",3,50,7,"{'imputation__params': ('interpolate', ('spline', 2)), 'feature_selection__threshold': 0.85, 'feature_selection__strategy': 'correlation', 'feature_extraction__params': ('pycatch22', {}), 'feature_extraction__n_lags': 3, 'classifier__base_estimator__n_estimators': 50, 'classifier__base_estimator__max_depth': 7}",0.5624805146954623,0.6051365982626212,0.5980783946943287,0.6507998069431516,0.5939513963480129,0.6020893421887153,0.02840129653333575,2,1.0,0.9998556392556236,0.9989610617656097,0.9955432232872654,0.9858057071701264,0.996033126295725,0.005362100434688413
