feature,importance
QProd,46
TPressThickSample1,41
TPressProdReportFCSrel,30
TPressParameterCode_14.0,24
TPressProdReportFCPCVM,22
TPressProdReportThickSrel,21
TPressParameterCode_26.0,19
TPressProdReportHardSrel_DN_HistogramMode_5,19
TPressProdReportFCCPVM_CO_f1ecac,18
TPressWeightSample11,17
QProd_DN_HistogramMode_10,17
TPressProdReportHardSrel_CO_f1ecac,16
TPressProdReportFCCPVM_CO_trev_1_num,16
QProd_CO_trev_1_num,15
TPressProdReportHardSrel_CO_trev_1_num,14
QProd_CO_f1ecac,14
TPressParameterCode_92.0,14
TPressWeightSample18_DN_HistogramMode_5,13
QProd_DN_HistogramMode_5,12
TPressParameterCode_15.0,12
TPressParameterCode_27.0,11
TPressProdReportFCCPVM,11
TPressParameterCode_45.0_MD_hrv_classic_pnn40,11
QProd_DN_OutlierInclude_p_001_mdrmd,10
TPressProdReportFCCPVM_DN_HistogramMode_5,9
TPressParameterCode_46.0,9
TPressWeightSample18_CO_trev_1_num,9
TPressParameterCode_6.0,9
TPressParameterCode_27.0_DN_HistogramMode_5,9
TPressProdReportHardSrel_DN_HistogramMode_10,9
TPressParameterCode_8.0,9
TPressProdReportFCCPVM_CO_Embed2_Dist_tau_d_expfit_meandiff,8
TPressParameterCode_30.0,8
TPressHardSample1,8
TPressParameterCode_23.0,8
TPressParameterCode_29.0,8
QProd_CO_Embed2_Dist_tau_d_expfit_meandiff,7
TPressParameterCode_13.0_DN_HistogramMode_5,7
TPressProdReportFCCPVM_SB_TransitionMatrix_3ac_sumdiagcov,7
TPressParameterCode_24.0,6
TPressSetupCode_13,6
TPressProdReportHardSrel_SB_TransitionMatrix_3ac_sumdiagcov,6
TPressParameterCode_19.0,6
TPressParameterCode_45.0_CO_trev_1_num,6
TPressProdReportHardSrel_CO_Embed2_Dist_tau_d_expfit_meandiff,6
TPressParameterCode_45.0_SB_TransitionMatrix_3ac_sumdiagcov,6
TPressParameterCode_50.0,5
TPressParameterCode_45.0_DN_HistogramMode_5,5
TPressProdReportHardSrel,5
TPressParameterCode_101.0,5
TPressParameterCode_18.0,5
TPressSetupCode_26,5
TPressParameterCode_24.0_DN_HistogramMode_5,4
TPressProdReportFCCPVM_DN_OutlierInclude_n_001_mdrmd,4
TPressParameterCode_29.0_CO_f1ecac,4
TPressParameterCode_1.0,3
TPressParameterCode_13.0_CO_f1ecac,3
TPressParameterCode_45.0_CO_f1ecac,3
TPressParameterCode_45.0,3
TPressParameterCode_24.0_SB_TransitionMatrix_3ac_sumdiagcov,3
TPressWeightSample18_SB_TransitionMatrix_3ac_sumdiagcov,3
TPressSetupCode_101,3
TPressParameterCode_13.0_MD_hrv_classic_pnn40,3
TPressSetupCode_8,3
TPressParameterCode_24.0_CO_f1ecac,3
TPressWeightSample18_DN_OutlierInclude_p_001_mdrmd,3
TPressWeightSample18_CO_Embed2_Dist_tau_d_expfit_meandiff,3
TPressSetupCode_10,3
TPressParameterCode_15.0_DN_OutlierInclude_n_001_mdrmd,2
TPressSetupCode_48,2
TPressParameterCode_27.0_CO_trev_1_num,2
QProd_DN_OutlierInclude_n_001_mdrmd,2
TPressWeightSample18_CO_f1ecac,2
TPressProdReportFCCPVM_DN_OutlierInclude_p_001_mdrmd,2
TPressSetupCode_32,2
TPressProdReportFCCPVM_FC_LocalSimple_mean1_tauresrat,2
TPressParameterCode_15.0_CO_trev_1_num,2
TPressProdReportHardSrel_DN_OutlierInclude_p_001_mdrmd,2
TPressProdReportFCCPVM_MD_hrv_classic_pnn40,2
TPressParameterCode_29.0_CO_trev_1_num,2
QProd_FC_LocalSimple_mean1_tauresrat,2
TPressSetupCode_104,1
TPressSetupCode_108,1
TPressParameterCode_27.0_CO_f1ecac,1
TPressParameterCode_15.0_DN_HistogramMode_5,1
TPressSetupCode_124,1
TPressParameterCode_29.0_DN_HistogramMode_5,1
TPressParameterCode_3.0,1
TPressProdReportHardSrel_CO_FirstMin_ac,1
TPressWeightSample18_DN_OutlierInclude_n_001_mdrmd,1
TPressSetupCode_4,1
TPressWeightSample18_MD_hrv_classic_pnn40,1
TPressSetupCode_29,1
TPressParameterCode_13.0_DN_OutlierInclude_n_001_mdrmd,1
TPressParameterCode_13.0_SB_TransitionMatrix_3ac_sumdiagcov,1
QProd_MD_hrv_classic_pnn40,1
TPressProdReportFCCPVM_CO_HistogramAMI_even_2_5,0
TPressParameterCode_29.0_CO_FirstMin_ac,0
TPressProdReportFCCPVM_SB_BinaryStats_mean_longstretch1,0
TPressParameterCode_27.0_SC_FluctAnal_2_rsrangefit_50_1_logi_prop_r1,0
TPressParameterCode_29.0_CO_HistogramAMI_even_2_5,0
TPressParameterCode_27.0_FC_LocalSimple_mean3_stderr,0
TPressProdReportFCCPVM_PD_PeriodicityWang_th0_01,0
TPressParameterCode_27.0_SC_FluctAnal_2_dfa_50_1_2_logi_prop_r1,0
QProd_SC_FluctAnal_2_dfa_50_1_2_logi_prop_r1,0
QProd_SP_Summaries_welch_rect_centroid,0
TPressProdReportFCCPVM_IN_AutoMutualInfoStats_40_gaussian_fmmi,0
TPressParameterCode_27.0_CO_FirstMin_ac,0
TPressParameterCode_27.0_SP_Summaries_welch_rect_area_5_1,0
TPressParameterCode_27.0_SB_BinaryStats_diff_longstretch0,0
TPressParameterCode_27.0_FC_LocalSimple_mean1_tauresrat,0
TPressParameterCode_27.0_IN_AutoMutualInfoStats_40_gaussian_fmmi,0
TPressProdReportFCCPVM_SP_Summaries_welch_rect_area_5_1,0
TPressParameterCode_27.0_PD_PeriodicityWang_th0_01,0
TPressProdReportFCCPVM_SB_BinaryStats_diff_longstretch0,0
TPressProdReportFCCPVM_SC_FluctAnal_2_rsrangefit_50_1_logi_prop_r1,0
QProd_SB_MotifThree_quantile_hh,0
TPressParameterCode_27.0_SB_BinaryStats_mean_longstretch1,0
TPressParameterCode_27.0_MD_hrv_classic_pnn40,0
TPressProdReportFCCPVM_SP_Summaries_welch_rect_centroid,0
TPressParameterCode_27.0_CO_HistogramAMI_even_2_5,0
TPressProdReportFCCPVM_FC_LocalSimple_mean3_stderr,0
QProd_SC_FluctAnal_2_rsrangefit_50_1_logi_prop_r1,0
TPressProdReportFCCPVM_SC_FluctAnal_2_dfa_50_1_2_logi_prop_r1,0
QProd_PD_PeriodicityWang_th0_01,0
QProd_SB_BinaryStats_diff_longstretch0,0
TPressWeightSample18_CO_HistogramAMI_even_2_5,0
TPressWeightSample18_PD_PeriodicityWang_th0_01,0
TPressWeightSample18_IN_AutoMutualInfoStats_40_gaussian_fmmi,0
TPressWeightSample18_FC_LocalSimple_mean1_tauresrat,0
TPressWeightSample18_SP_Summaries_welch_rect_area_5_1,0
TPressWeightSample18_SB_BinaryStats_diff_longstretch0,0
TPressWeightSample18_SC_FluctAnal_2_rsrangefit_50_1_logi_prop_r1,0
TPressWeightSample18_SC_FluctAnal_2_dfa_50_1_2_logi_prop_r1,0
TPressWeightSample18_SP_Summaries_welch_rect_centroid,0
TPressWeightSample18_FC_LocalSimple_mean3_stderr,0
TPressParameterCode_45.0_CO_HistogramAMI_even_2_5,0
TPressParameterCode_45.0_SB_BinaryStats_mean_longstretch1,0
TPressParameterCode_45.0_PD_PeriodicityWang_th0_01,0
TPressParameterCode_45.0_CO_Embed2_Dist_tau_d_expfit_meandiff,0
TPressParameterCode_45.0_IN_AutoMutualInfoStats_40_gaussian_fmmi,0
TPressParameterCode_45.0_FC_LocalSimple_mean1_tauresrat,0
TPressParameterCode_45.0_SP_Summaries_welch_rect_area_5_1,0
TPressParameterCode_45.0_SB_BinaryStats_diff_longstretch0,0
TPressParameterCode_45.0_SC_FluctAnal_2_rsrangefit_50_1_logi_prop_r1,0
TPressParameterCode_45.0_SC_FluctAnal_2_dfa_50_1_2_logi_prop_r1,0
TPressParameterCode_45.0_SP_Summaries_welch_rect_centroid,0
TPressParameterCode_45.0_FC_LocalSimple_mean3_stderr,0
QProd_IN_AutoMutualInfoStats_40_gaussian_fmmi,0
QProd_CO_HistogramAMI_even_2_5,0
TPressWeightSample18_SB_BinaryStats_mean_longstretch1,0
TPressProdReportFCCPVM_CO_FirstMin_ac,0
QProd_SP_Summaries_welch_rect_area_5_1,0
TPressParameterCode_15.0_FC_LocalSimple_mean3_stderr,0
TPressParameterCode_29.0_MD_hrv_classic_pnn40,0
TPressParameterCode_29.0_SB_BinaryStats_mean_longstretch1,0
TPressParameterCode_29.0_PD_PeriodicityWang_th0_01,0
TPressParameterCode_29.0_IN_AutoMutualInfoStats_40_gaussian_fmmi,0
TPressParameterCode_29.0_FC_LocalSimple_mean1_tauresrat,0
TPressParameterCode_29.0_SP_Summaries_welch_rect_area_5_1,0
TPressParameterCode_29.0_SB_BinaryStats_diff_longstretch0,0
TPressParameterCode_29.0_SC_FluctAnal_2_rsrangefit_50_1_logi_prop_r1,0
TPressParameterCode_29.0_SC_FluctAnal_2_dfa_50_1_2_logi_prop_r1,0
TPressParameterCode_29.0_FC_LocalSimple_mean3_stderr,0
TPressParameterCode_15.0_CO_f1ecac,0
TPressParameterCode_15.0_CO_HistogramAMI_even_2_5,0
QProd_SB_BinaryStats_mean_longstretch1,0
TPressParameterCode_15.0_SB_BinaryStats_mean_longstretch1,0
TPressParameterCode_15.0_SB_TransitionMatrix_3ac_sumdiagcov,0
TPressParameterCode_15.0_PD_PeriodicityWang_th0_01,0
TPressParameterCode_15.0_CO_Embed2_Dist_tau_d_expfit_meandiff,0
TPressParameterCode_15.0_IN_AutoMutualInfoStats_40_gaussian_fmmi,0
TPressParameterCode_15.0_SP_Summaries_welch_rect_area_5_1,0
TPressParameterCode_15.0_SB_BinaryStats_diff_longstretch0,0
TPressParameterCode_15.0_SC_FluctAnal_2_rsrangefit_50_1_logi_prop_r1,0
TPressParameterCode_15.0_SC_FluctAnal_2_dfa_50_1_2_logi_prop_r1,0
TPressParameterCode_15.0_SP_Summaries_welch_rect_centroid,0
TPressParameterCode_15.0_MD_hrv_classic_pnn40,0
TPressParameterCode_24.0_SB_BinaryStats_mean_longstretch1,0
TPressParameterCode_13.0_FC_LocalSimple_mean3_stderr,0
TPressParameterCode_13.0_SC_FluctAnal_2_dfa_50_1_2_logi_prop_r1,0
TPressSetupCode_27,0
TPressSetupCode_30,0
TPressSetupCode_31,0
TPressSetupCode_33,0
TPressSetupCode_34,0
TPressSetupCode_36,0
TPressSetupCode_38,0
TPressSetupCode_40,0
TPressSetupCode_41,0
TPressSetupCode_42,0
TPressSetupCode_43,0
TPressSetupCode_44,0
TPressSetupCode_45,0
TPressSetupCode_46,0
TPressSetupCode_47,0
TPressSetupCode_49,0
TPressSetupCode_50,0
TPressSetupCode_51,0
TPressSetupCode_52,0
TPressSetupCode_53,0
TPressSetupCode_57,0
TPressSetupCode_59,0
TPressSetupCode_60,0
TPressSetupCode_61,0
TPressSetupCode_62,0
TPressSetupCode_64,0
TPressSetupCode_68,0
TPressSetupCode_24,0
TPressSetupCode_21,0
TPressSetupCode_20,0
TPressParameterCode_33.0,0
Object,0
TPressProdReportDiamVM,0
TPressProdReportDiamSrel,0
TPressParameterCode_4.0,0
TPressParameterCode_10.0,0
TPressParameterCode_11.0,0
TPressParameterCode_12.0,0
TPressParameterCode_16.0,0
TPressParameterCode_17.0,0
TPressParameterCode_20.0,0
TPressParameterCode_21.0,0
TPressParameterCode_32.0,0
TPressParameterCode_34.0,0
TPressSetupCode_17,0
TPressParameterCode_40.0,0
TPressParameterCode_52.0,0
TPressParameterCode_53.0,0
TPressParameterCode_64.0,0
TPressParameterCode_86.0,0
TPressParameterCode_100.0,0
TPressParameterCode_174.0,0
TPressSetupCode_7,0
TPressSetupCode_9,0
TPressSetupCode_12,0
TPressSetupCode_14,0
TPressSetupCode_16,0
TPressSetupCode_69,0
TPressSetupCode_79,0
TPressSetupCode_81,0
TPressParameterCode_24.0_SB_BinaryStats_diff_longstretch0,0
TPressProdReportHardSrel_SC_FluctAnal_2_rsrangefit_50_1_logi_prop_r1,0
TPressProdReportHardSrel_SC_FluctAnal_2_dfa_50_1_2_logi_prop_r1,0
TPressProdReportHardSrel_SP_Summaries_welch_rect_centroid,0
TPressProdReportHardSrel_FC_LocalSimple_mean3_stderr,0
TPressParameterCode_24.0_CO_FirstMin_ac,0
TPressParameterCode_24.0_CO_HistogramAMI_even_2_5,0
TPressParameterCode_24.0_CO_trev_1_num,0
TPressParameterCode_24.0_MD_hrv_classic_pnn40,0
TPressParameterCode_24.0_PD_PeriodicityWang_th0_01,0
TPressParameterCode_24.0_IN_AutoMutualInfoStats_40_gaussian_fmmi,0
TPressParameterCode_24.0_FC_LocalSimple_mean1_tauresrat,0
TPressParameterCode_24.0_SP_Summaries_welch_rect_area_5_1,0
TPressParameterCode_24.0_SC_FluctAnal_2_rsrangefit_50_1_logi_prop_r1,0
TPressProdReportHardSrel_SP_Summaries_welch_rect_area_5_1,0
TPressParameterCode_24.0_SC_FluctAnal_2_dfa_50_1_2_logi_prop_r1,0
TPressParameterCode_24.0_FC_LocalSimple_mean3_stderr,0
TPressParameterCode_13.0_CO_FirstMin_ac,0
TPressParameterCode_13.0_CO_HistogramAMI_even_2_5,0
TPressParameterCode_13.0_CO_trev_1_num,0
TPressParameterCode_13.0_SB_BinaryStats_mean_longstretch1,0
TPressParameterCode_13.0_PD_PeriodicityWang_th0_01,0
TPressParameterCode_13.0_IN_AutoMutualInfoStats_40_gaussian_fmmi,0
TPressParameterCode_13.0_FC_LocalSimple_mean1_tauresrat,0
TPressParameterCode_13.0_SP_Summaries_welch_rect_area_5_1,0
TPressParameterCode_13.0_SB_BinaryStats_diff_longstretch0,0
TPressParameterCode_13.0_SC_FluctAnal_2_rsrangefit_50_1_logi_prop_r1,0
TPressProdReportHardSrel_SB_BinaryStats_diff_longstretch0,0
TPressProdReportHardSrel_DN_OutlierInclude_n_001_mdrmd,0
TPressSetupCode_83,0
TPressSetupCode_126,0
TPressSetupCode_85,0
TPressSetupCode_100,0
TPressSetupCode_102,0
TPressSetupCode_103,0
TPressSetupCode_105,0
TPressSetupCode_109,0
TPressSetupCode_110,0
TPressSetupCode_119,0
TPressSetupCode_120,0
TPressSetupCode_121,0
TPressSetupCode_123,0
TPressSetupCode_125,0
TPressSetupCode_128,0
TPressProdReportHardSrel_FC_LocalSimple_mean1_tauresrat,0
TPressSetupCode_139,0
TPressSetupCode_163,0
TPressSetupCode_164,0
TPressSetupCode_165,0
TPressSetupCode_170,0
TPressSetupCode_174,0
TPressSetupCode_185,0
TPressProdReportHardSrel_CO_HistogramAMI_even_2_5,0
TPressProdReportHardSrel_MD_hrv_classic_pnn40,0
TPressProdReportHardSrel_SB_BinaryStats_mean_longstretch1,0
TPressProdReportHardSrel_PD_PeriodicityWang_th0_01,0
TPressProdReportHardSrel_IN_AutoMutualInfoStats_40_gaussian_fmmi,0
QProd_FC_LocalSimple_mean3_stderr,0
